# GTOC4 solution, J2000 heliocentric ecliptic frame
# launch MJD 58128.000000, |v_inf| 3999.999 m/s, tau 1200.000 d
# J = 0, K = m_f = 1350.916203 kg, sequence: 2007DC
# MJD x[km] y[km] z[km] vx[km/s] vy[km/s] vz[km/s] m[kg] Tx[N] Ty[N] Tz[N] body
58128.0000000000 -49116417.620958 138669238.154841 -2075.289867 -32.550619406822 -9.956703735137 0.321635707167 1500.000000 -0.134519960823 0.003418185249 0.010848785635 EARTH
58129.0000000000 -51921345.326574 137787476.571704 25739.915489 -32.376664715114 -10.453688011640 0.322218160360 1499.603534 -0.134138030922 0.008208584933 0.012829956889 -
58130.0000000000 -54710830.498523 136862987.217107 53606.072459 -32.193180192177 -10.945728902071 0.322815217066 1499.207069 -0.133553888936 0.013039323085 0.014776156592 -
58131.0000000000 -57484056.349116 135896208.504862 81524.377354 -32.000319937164 -11.432565927397 0.323425374758 1498.810603 -0.132767221502 0.017878486758 0.016680066124 -
58132.0000000000 -60240219.802076 134887600.952978 109495.881526 -31.798247176272 -11.913947968767 0.324046780282 1498.414137 -0.131781781112 0.022693867629 0.018535116376 -
58133.0000000000 -62978532.273127 133837646.355511 137521.462885 -31.587134073708 -12.389633712793 0.324677271799 1498.017672 -0.130605055000 0.027455011671 0.020335730685 -
58134.0000000000 -65698220.432391 132746846.922226 165601.801646 -31.367161499755 -12.859391951209 0.325314434668 1497.621206 -0.129247871922 0.032133618683 0.022077548641 -
58135.0000000000 -68398526.944799 131615724.394618 193737.361457 -31.138518754428 -13.323001828093 0.325955670200 1497.224740 -0.127723512520 0.036705407783 0.023757470173 -
58136.0000000000 -71078711.183559 130444819.146550 221928.376577 -30.901403220361 -13.780252948355 0.326598266893 1496.828275 -0.126047484411 0.041148494354 0.025373866201 -
58137.0000000000 -73738049.912317 129234689.272879 250174.845726 -30.656019985685 -14.230945547241 0.327239483773 1496.431809 -0.124236129186 0.045446187655 0.026926348295 -
58138.0000000000 -76375837.930618 127985909.671864 278476.532566 -30.402581372045 -14.674890464540 0.327876620354 1496.035343 -0.122306275276 0.049585449096 0.028415810141 -
58139.0000000000 -78991388.677191 126699071.127459 306832.972323 -30.141306430749 -15.111909172898 0.328507088905 1495.638878 -0.120274615615 0.053556817379 0.029844331972 -
58140.0000000000 -81584034.787736 125374779.390496 335243.484406 -29.872420393906 -15.541833774967 0.329128481089 1495.242412 -0.118157163406 0.057354204741 0.031215059415 -
58141.0000000000 -84153128.603636 124013654.261167 363707.190481 -29.596154087798 -15.964506976460 0.329738627488 1494.845946 -0.115968101264 0.060976127917 0.032531697059 -
58142.0000000000 -86698042.626945 122616328.678449 392223.036416 -29.312743276178 -16.379781952074 0.330335627723 1494.449481 -0.113720551318 0.064422611028 0.033798866792 -
58143.0000000000 -89218169.920491 121183447.814936 420789.817719 -29.022428047198 -16.787522354610 0.330917901136 1494.053015 -0.111425162230 0.067697413006 0.035021329134 -
58144.0000000000 -91712924.451548 119715668.177974 449406.207397 -28.725452120463 -17.187602160051 0.331484192310 1493.656549 -0.109090958272 0.070805424230 0.036204346742 -
58145.0000000000 -94181741.377927 118213656.719177 478070.785202 -28.422062207496 -17.579905628551 0.332033597449 1493.260084 -0.106725186899 0.073752595132 0.037353570012 -
58146.0000000000 -96624077.278699 116678089.948595 506782.068859 -28.112507370172 -17.964327235977 0.332565584005 1492.863618 -0.104332517883 0.076547039465 0.038474361091 -
58147.0000000000 -99039410.327868 115109653.058965 535538.545292 -27.797038341854 -18.340771509133 0.333079971054 1492.467152 -0.101915629887 0.079197617491 0.039571982113 -
58148.0000000000 -101427240.411321 113509039.062019 564338.700627 -27.475906893618 -18.709152911763 0.333576920424 1492.070687 -0.099475827868 0.081712751177 0.040652010590 -
58149.0000000000 -103787089.191113 111876947.932962 593181.050454 -27.149365249350 -19.069395769493 0.334056951755 1491.674221 -0.097012587535 0.084101171053 0.041719909963 -
58150.0000000000 -106118500.118717 110214085.764536 622064.170316 -26.817665489392 -19.421434123491 0.334520932626 1491.277755 -0.094523285819 0.086372306645 0.042780522236 -
58151.0000000000 -108421038.396768 108521163.935851 650986.724072 -26.481058955020 -19.765211535110 0.334970039189 1490.881290 -0.092004139303 0.088534674050 0.043838907855 -
58152.0000000000 -110694290.892468 106798898.295135 679947.490955 -26.139795725177 -20.100680959360 0.335405765413 1490.484824 -0.089449739752 0.090596675184 0.044899738350 -
58153.0000000000 -112937866.005440 105048008.356418 708945.391912 -25.794124085396 -20.427804549333 0.335829897082 1490.088358 -0.086853519076 0.092565765084 0.045967873113 -
58154.0000000000 -115151393.491715 103269216.511934 737979.515134 -25.444290043791 -20.746553488057 0.336244519228 1489.691893 -0.084207399516 0.094449024054 0.047047802520 -
58155.0000000000 -117334524.245930 101463247.261321 767049.140841 -25.090536847736 -21.056907768230 0.336651991269 1489.295427 -0.081502071280 0.096252554532 0.048144139032 -
58156.0000000000 -119486930.043395 99630826.459092 796153.765141 -24.733104538274 -21.358855989884 0.337054950653 1488.898961 -0.078726908384 0.097981369616 0.049261801678 -
58157.0000000000 -121608303.244399 97772680.579974 825293.124677 -24.372229521779 -21.652395149401 0.337456327250 1488.502496 -0.075869683536 0.099639704611 0.050405559070 -
58158.0000000000 -123698356.461759 95889536.003837 854467.221371 -24.008144147518 -21.937530397184 0.337859331293 1488.106030 -0.072916572368 0.101230334540 0.051580934879 -
58159.0000000000 -125756822.192866 93982118.320369 883676.348397 -23.641076308092 -22.214274823511 0.338267493950 1487.709564 -0.069851708994 0.102754813269 0.052793816880 -
58160.0000000000 -127783452.417066 92051151.653268 912921.118688 -23.271249036708 -22.482649220904 0.338684685297 1487.313099 -0.066656270636 0.104211492968 0.054054660469 -
58161.0000000000 -129778018.156921 90097358.000354 942202.505546 -22.898880073784 -22.742681953660 0.339115376612 1486.916633 -0.063307376712 0.105598271633 0.055373107931 -
58162.0000000000 -131740309.000228 88121456.592127 971521.892426 -22.524181391745 -22.994408661649 0.339564590328 1486.520167 -0.059773473101 0.106906815810 0.056772041067 -
58163.0000000000 -133670132.570322 86124163.261614 1000881.153678 -22.147358473221 -23.237872295292 0.340038666814 1486.123702 -0.056006081615 0.108123426561 0.058289308204 -
58164.0000000000 -135567313.914201 84106189.813504 1030282.805918 -21.768609130229 -23.473123097570 0.340546132440 1485.727236 -0.032233044439 0.067837996181 0.037299222446 -
58165.0000000000 -137431645.270530 82068139.395372 1059673.253840 -21.386975895990 -23.702626175476 0.339779503642 1485.480963 -0.024990234730 0.053436562241 0.029629422863 -
58166.0000000000 -139262927.675304 80010571.172154 1088975.936079 -21.003619988280 -23.924934168136 0.338514814349 1485.287093 -0.025406898264 0.053120093426 0.029464244319 -
58167.0000000000 -141061039.981186 77934139.518439 1118166.755819 -20.619181531553 -24.139290505738 0.337190416953 1485.093725 -0.025891450189 0.052774582874 0.029269798830 -
58168.0000000000 -142825897.044378 75839528.502847 1147240.564128 -20.233853815837 -24.345764374614 0.335806536282 1484.900873 -0.026374021101 0.052434120451 0.029079802719 -
58169.0000000000 -144557430.014965 73727416.099675 1176192.315405 -19.847820713896 -24.544427608433 0.334365339269 1484.708507 -0.026831645739 0.052068170083 0.028893879763 -
58170.0000000000 -146255585.638630 71598473.811193 1205017.149430 -19.461259354281 -24.735358137699 0.332868949720 1484.516694 -0.027293982010 0.051717460921 0.028712022871 -
58171.0000000000 -147920325.804429 69453366.333223 1233710.388466 -19.074343144388 -24.918635538395 0.331319467751 1484.325374 -0.027732463037 0.051344081045 0.028533994956 -
58172.0000000000 -149551627.075781 67292751.228173 1262267.534560 -18.687238358248 -25.094345310821 0.329718954524 1484.134607 -0.028166407330 0.050973912971 0.028359759181 -
58173.0000000000 -151149480.194003 65117278.586177 1290684.266597 -18.300106913492 -25.262574876211 0.328069442153 1483.944374 -0.028588155441 0.050597128956 0.028189170399 -
58174.0000000000 -152713889.634149 62927590.781609 1318956.437455 -17.913104804641 -25.423415372367 0.326372925858 1483.754684 -0.029000803898 0.050217871305 0.028022133131 -
58175.0000000000 -154244873.120897 60724322.199032 1347080.070879 -17.526382745119 -25.576960565786 0.324631365428 1483.565538 -0.029401662652 0.049833112434 0.027858529660 -
58176.0000000000 -155742461.158817 58508098.999600 1375051.358306 -17.140085857800 -25.723307002994 0.322846682664 1483.376945 -0.029787659775 0.049439769146 0.027698242855 -
58177.0000000000 -157206696.549953 56279538.891902 1402866.655535 -16.754353690806 -25.862553756631 0.321020760269 1483.188927 -0.030161489633 0.049041396994 0.027541186299 -
58178.0000000000 -158637633.928683 54039250.941192 1430522.479384 -16.369320601331 -25.994801790613 0.319155442646 1483.001495 -0.030532152611 0.048647916661 0.027387309496 -
58179.0000000000 -160035339.331498 51787835.432399 1458015.504432 -15.985116180349 -26.120153350214 0.317252537155 1482.814625 -0.030890185723 0.048248940649 0.027236473578 -
58180.0000000000 -161399889.741521 49525883.718295 1485342.559564 -15.601864242677 -26.238712915667 0.315313808228 1482.628330 -0.031238060994 0.047847442286 0.027088601559 -
58181.0000000000 -162731372.622585 47253978.069585 1512500.624390 -15.219683595332 -26.350586203868 0.313340980342 1482.442615 -0.031571819241 0.047439595505 0.026943586216 -
58182.0000000000 -164029885.473778 44972691.560103 1539486.825695 -14.838687742669 -26.455880354170 0.311335735747 1482.257499 -0.031900268875 0.047034463830 0.026801390755 -
58183.0000000000 -165295535.407112 42682587.985116 1566298.433946 -14.458985716571 -26.554702976207 0.309299718183 1482.072967 -0.032212618832 0.046621469676 0.026661876306 -
58184.0000000000 -166528438.715670 40384221.779568 1592932.859702 -14.080681025644 -26.647163103333 0.307234526622 1481.889047 -0.032517520384 0.046209324191 0.026525011590 -
58185.0000000000 -167728720.449483 38078137.951576 1619387.649998 -13.703872884823 -26.733369886275 0.305141721338 1481.705733 -0.032810353565 0.045793688289 0.026390695442 -
58186.0000000000 -168896514.015454 35764872.046947 1645660.484827 -13.328655542314 -26.813433181228 0.303022819715 1481.523036 -0.033099943556 0.045382721120 0.026258904841 -
58187.0000000000 -170031960.786573 33444950.126839 1671749.173626 -12.955119167829 -26.887462657569 0.300879300783 1481.340939 -0.033374400702 0.044965678140 0.026129500989 -
58188.0000000000 -171135209.701975 31118888.743015 1697651.651672 -12.583348751920 -26.955568745805 0.298712598502 1481.159463 -0.033642339238 0.044550438481 0.026002464996 -
58189.0000000000 -172206416.875838 28787194.925355 1723365.976497 -12.213425411535 -27.017861405820 0.296524108863 1480.978602 -0.033898359651 0.044132342085 0.025877698792 -
58190.0000000000 -173245745.232220 26450366.196906 1748890.324411 -11.845425684600 -27.074450721216 0.294315185454 1480.798368 -0.034151193056 0.043718778525 0.025755190454 -
58191.0000000000 -174253364.149935 24108890.599175 1774222.987069 -11.479422467922 -27.125446067736 0.292087144738 1480.618744 -0.034380405904 0.043293125173 0.025634753546 -
58192.0000000000 -175229449.079401 21763246.698019 1799362.367834 -11.115483430194 -27.170957393965 0.289841256142 1480.439782 -0.034616576005 0.042880252705 0.025516514937 -
58193.0000000000 -176174181.224495 19413903.643670 1824306.978519 -10.753674104068 -27.211092687512 0.287578760709 1480.261432 -0.034839012239 0.042463347411 0.025400289209 -
58194.0000000000 -177087747.233779 17061321.239660 1849055.436165 -10.394055010525 -27.245960302676 0.285300853287 1480.083713 -0.035048606358 0.042043546402 0.025286024471 -
58195.0000000000 -177970338.826904 14705949.960654 1873606.459401 -10.036683034232 -27.275667815623 0.283008690723 1479.906640 -0.035253961480 0.041627387175 0.025173720540 -
58196.0000000000 -178822152.504886 12348231.037246 1897958.865316 -9.681611989576 -27.300321618752 0.280703395377 1479.730203 -0.035448415157 0.041209884849 0.025063281864 -
58197.0000000000 -179643389.251327 9988596.532835 1922111.566258 -9.328891844876 -27.320027509950 0.278386050066 1479.554413 -0.035632712915 0.040791772321 0.024954661483 -
58198.0000000000 -180434254.223747 7627469.412772 1946063.566564 -8.978569269319 -27.334890282047 0.276057701436 1479.379276 -0.035815503613 0.040379069079 0.024847866579 -
58199.0000000000 -181194956.493398 5265263.647624 1969813.959596 -8.630688208154 -27.345013343541 0.273719363700 1479.204775 -0.035989681142 0.039966694300 0.024742802377 -
58200.0000000000 -181925708.775029 2902384.307602 1993361.924707 -8.285289075032 -27.350499302464 0.271372013287 1479.030913 -0.036147274991 0.039549563381 0.024639368134 -
58201.0000000000 -182626727.124375 539227.634278 2016706.723987 -7.942408812188 -27.351449908168 0.269016589075 1478.857721 -0.036304015515 0.039138179974 0.024537624445 -
58202.0000000000 -183298230.702762 -1823818.843555 2039847.699454 -7.602082384242 -27.347965087552 0.266654002457 1478.685177 -0.036456244152 0.038729877099 0.024437503273 -
58203.0000000000 -183940441.561986 -4186376.183552 2062784.270380 -7.264341753364 -27.340143666532 0.264285130494 1478.513275 -0.036594802036 0.038318986807 0.024338898835 -
58204.0000000000 -184553584.375594 -6548073.940386 2085515.930263 -6.929215663475 -27.328083502693 0.261910814342 1478.342035 -0.036727708653 0.037910626151 0.024241825083 -
58205.0000000000 -185137886.208680 -8908550.053178 2108042.244048 -6.596730747700 -27.311880816962 0.259531866913 1478.171453 -0.036859236596 0.037507173039 0.024146272432 -
58206.0000000000 -185693576.330469 -11267450.709519 2130362.845665 -6.266911411267 -27.291630319943 0.257149072194 1478.001514 -0.036977490914 0.037101619189 0.024052118145 -
58207.0000000000 -186220885.985321 -13624430.237383 2152477.435264 -5.939778985967 -27.267425731237 0.254763179299 1477.832238 -0.037090482079 0.036698744919 0.023959381209 -
58208.0000000000 -186720048.181656 -15979150.988608 2174385.776600 -5.615352990826 -27.239359065010 0.252374911427 1477.663621 -0.037198236468 0.036298462900 0.023868025590 -
58209.0000000000 -187191297.519294 -18331283.202884 2196087.694674 -5.293650760397 -27.207520892897 0.249984963343 1477.495659 -0.037296534877 0.035898488022 0.023777985305 -
58210.0000000000 -187634869.994010 -20680504.887862 2217583.073238 -4.974687289053 -27.172000454519 0.247594000306 1477.328363 -0.037393511624 0.035503155261 0.023689285446 -
58211.0000000000 -188051002.830456 -23026501.686693 2238871.852501 -4.658476043565 -27.132885255664 0.245202664075 1477.161716 -0.037480644977 0.035107932009 0.023601830279 -
58212.0000000000 -188439934.311912 -25368966.750099 2259954.026826 -4.345028076833 -27.090261575340 0.242811566527 1476.995732 -0.037566055280 0.034716985298 0.023515647625 -
58213.0000000000 -188801903.617476 -27707600.608012 2280829.642486 -4.034353086532 -27.044213948360 0.240421297556 1476.830397 -0.037636664412 0.034323840501 0.023430608432 -
58214.0000000000 -189137150.655006 -30042111.045497 2301498.795397 -3.726458257947 -26.994825781998 0.238032416553 1476.665737 -0.037709108910 0.033936660481 0.023346807178 -
58215.0000000000 -189445915.922628 -32372212.968174 2321961.629082 -3.421350082717 -26.942178496344 0.235645466157 1476.501730 -0.037774466331 0.033551006851 0.023264147350 -
58216.0000000000 -189728440.387607 -34697628.262320 2342218.332761 -3.119032941613 -26.886352260616 0.233260961742 1476.338381 -0.037832195519 0.033166722744 0.023182595970 -
58217.0000000000 -189984965.328423 -37018085.676015 2362269.139191 -2.819509670372 -26.827425744026 0.230879395766 1476.175694 -0.037886114958 0.032785526846 0.023102154587 -
58218.0000000000 -190215732.215485 -39333320.684931 2382114.322797 -2.522781888009 -26.765476009364 0.228501240439 1476.013666 -0.037940126433 0.032408970702 0.023022826861 -
58219.0000000000 -190420982.609294 -41643075.354169 2401754.197955 -2.228850072591 -26.700578528009 0.226126948478 1475.852280 -0.037980325452 0.032031135577 0.022944478306 -
58220.0000000000 -190600958.019809 -43947098.219953 2421189.116989 -1.937712587274 -26.632807624317 0.223756945633 1475.691562 -0.038014819219 0.031655608853 0.022867146487 -
58221.0000000000 -190755899.782245 -46245144.166842 2440419.468297 -1.649367034781 -26.562235927807 0.221391641349 1475.531511 -0.038051952448 0.031285597337 0.022790873049 -
58222.0000000000 -190886048.994761 -48536974.282690 2459445.674983 -1.363810335339 -26.488934405461 0.219031429625 1475.372106 -0.038086610887 0.030918855221 0.022715594104 -
58223.0000000000 -190991646.428120 -50822355.729278 2478268.193278 -1.081038000278 -26.412972692530 0.216676683427 1475.213342 -0.038104311520 0.030550006648 0.022641170190 -
58224.0000000000 -191072932.382835 -53101061.635720 2496887.510558 -0.801043642459 -26.334419288711 0.214327750803 1475.055249 -0.038122400895 0.030185681657 0.022567717786 -
58225.0000000000 -191130146.608145 -55372870.970567 2515304.143862 -0.523820897484 -26.253340868852 0.211984970440 1474.897815 -0.038140165800 0.029825377251 0.022495209884 -
58226.0000000000 -191163528.260694 -57637568.402822 2533518.638744 -0.249362421233 -26.169802715561 0.209648663826 1474.741027 -0.038156825723 0.029468673493 0.022423619302 -
58227.0000000000 -191173315.822013 -59894944.182119 2551531.567811 0.022340061095 -26.083868730243 0.207319135774 1474.584875 -0.038157477039 0.029110614162 0.022352802924 -
58228.0000000000 -191159746.984578 -62144794.031589 2569343.529009 0.291296531630 -25.995601715634 0.204996668133 1474.429390 -0.038159808516 0.028757184362 0.022282886104 -
58229.0000000000 -191123058.588911 -64386919.025984 2586955.144343 0.557516721315 -25.905062752108 0.202681536029 1474.274555 -0.038163008684 0.028407858752 0.022213843383 -
58230.0000000000 -191063486.600514 -66621125.460123 2604367.058935 0.821011146624 -25.812311597183 0.200373999551 1474.120356 -0.038156671426 0.028059398713 0.022145569091 -
58231.0000000000 -190981266.019669 -68847224.742268 2621579.939543 1.081791626781 -25.717406863291 0.198074299514 1473.966807 -0.038144481726 0.027713051372 0.022078075360 -
58232.0000000000 -190876630.806437 -71065033.284659 2638594.473214 1.339870414686 -25.620405774068 0.195782664832 1473.813912 -0.038135029741 0.027371204182 0.022011417135 -
58233.0000000000 -190749813.857423 -73274372.381480 2655411.366384 1.595259867652 -25.521364117071 0.193499315502 1473.661653 -0.038117736883 0.027030799034 0.021945487568 -
58234.0000000000 -190601046.949950 -75475068.099428 2672031.343718 1.847973531216 -25.420336583042 0.191224453558 1473.510039 -0.038096340336 0.026692937578 0.021880301457 -
58235.0000000000 -190430560.677306 -77666951.173298 2688455.146885 2.098025261769 -25.317376542378 0.188958270634 1473.359071 -0.038074663495 0.026358541355 0.021815875479 -
58236.0000000000 -190238584.423707 -79849856.893241 2704683.533681 2.345429184816 -25.212536076239 0.186700948506 1473.208738 -0.038046784087 0.026026079123 0.021752142753 -
58237.0000000000 -190025346.317874 -82023625.000486 2720717.276985 2.590200231437 -25.105866141190 0.184452654594 1473.059046 -0.038021432099 0.025697613439 0.021689163762 -
58238.0000000000 -189791073.202017 -84188099.581979 2736557.163859 2.832353245472 -24.997416379396 0.182213549838 1472.909980 -0.037982750392 0.025369472617 0.021626785076 -
58239.0000000000 -189535990.578467 -86343128.972253 2752203.994460 3.071904393606 -24.887235476046 0.179983776526 1472.761563 -0.037949364447 0.025045868273 0.021565155365 -
58240.0000000000 -189260322.584090 -88488565.651686 2767658.581215 3.308869112109 -24.775370718055 0.177763476393 1472.613772 -0.037905312995 0.024723292909 0.021504119945 -
58241.0000000000 -188964291.967025 -90624266.146161 2782921.748014 3.543264106448 -24.661868468080 0.175552773194 1472.466625 -0.037869422804 0.024405571809 0.021443832112 -
58242.0000000000 -188648120.066407 -92750090.929549 2797994.329459 3.775105282371 -24.546773755480 0.173351791121 1472.320093 -0.037825627505 0.024089391492 0.021384135805 -
58243.0000000000 -188312026.794189 -94865904.327512 2812877.170127 4.004409766474 -24.430130716367 0.171160637004 1472.174186 -0.037772705319 0.023774723053 0.021325006459 -
58244.0000000000 -187956230.568384 -96971574.432921 2827571.123422 4.231195009930 -24.311982421996 0.168979408334 1472.028919 -0.037724662579 0.023464010630 0.021266557737 -
58245.0000000000 -187580948.324693 -99066973.008487 2842077.051128 4.455477870408 -24.192370754560 0.166808201705 1471.884270 -0.037670273199 0.023155242753 0.021208676093 -
58246.0000000000 -187186395.504817 -101151975.396221 2856395.822773 4.677276069816 -24.071336689605 0.164647099796 1471.740247 -0.037618570421 0.022849844502 0.021151431893 -
58247.0000000000 -186772786.034116 -103226460.431292 2870528.314903 4.896606983131 -23.948920115067 0.162496182463 1471.596835 -0.037558204018 0.022546074696 0.021094709805 -
58248.0000000000 -186340332.300805 -105290310.356971 2884475.410381 5.113488814023 -23.825160037746 0.160355516122 1471.454048 -0.037493088709 0.022244623012 0.021038534118 -
58249.0000000000 -185889245.123937 -107343410.743223 2898237.997594 5.327939678830 -23.700094461002 0.158225162215 1471.311889 -0.037437567820 0.021947215128 0.020983027049 -
58250.0000000000 -185419733.788231 -109385650.398253 2911816.970279 5.539976975021 -23.573760344080 0.156105183257 1471.170327 -0.037364685654 0.021650496282 0.020927927591 -
58251.0000000000 -184932006.002207 -111416921.292049 2925213.226658 5.749619788382 -23.446193920512 0.153995620575 1471.029397 -0.037304347088 0.021357965105 0.020873504459 -
58252.0000000000 -184426267.897308 -113437118.477152 2938427.668961 5.956885536670 -23.317430315371 0.151896525670 1470.889060 -0.037234685638 0.021067079351 0.020819543133 -
58253.0000000000 -183902724.041386 -115446140.009053 2951461.203093 6.161792993810 -23.187503919628 0.149807932096 1470.749333 -0.037159698219 0.020778418726 0.020766070913 -
58254.0000000000 -183361577.387811 -117443886.875687 2964314.737701 6.364360755551 -23.056448226078 0.147729869870 1470.610221 -0.037083458407 0.020492348712 0.020713116888 -
58255.0000000000 -182803029.291708 -119430262.921190 2976989.183887 6.564607220220 -22.924295860913 0.145662365818 1470.471720 -0.037010107240 0.020209087572 0.020660711684 -
58256.0000000000 -182227279.527795 -121405174.772217 2989485.454944 6.762550570762 -22.791078611120 0.143605443892 1470.333815 -0.036927974696 0.019927791597 0.020608734653 -
58257.0000000000 -181634526.269427 -123368531.768925 3001804.465736 6.958209690627 -22.656827505392 0.141559116485 1470.196522 -0.036851762399 0.019649388942 0.020557318527 -
58258.0000000000 -181024966.095563 -125320245.895750 3013947.132346 7.151602601703 -22.521572728191 0.139523399523 1470.059820 -0.036769778934 0.019373122469 0.020506342241 -
58259.0000000000 -180398793.998716 -127260231.713523 3025914.371752 7.342748003464 -22.385343736726 0.137498297757 1469.923715 -0.036686183900 0.019099249230 0.020455837759 -
58260.0000000000 -179756203.367135 -129188406.294816 3037707.101251 7.531664330361 -22.248169218968 0.135483813929 1469.788205 -0.036599852650 0.018827707201 0.020405786177 -
58261.0000000000 -179097385.994747 -131104689.159050 3049326.238171 7.718370051853 -22.110077129724 0.133479945975 1469.653291 -0.036515016909 0.018558573138 0.020356221424 -
58262.0000000000 -178422532.092169 -133009002.209527 3060772.699592 7.902883347577 -21.971094699502 0.131486690305 1469.518963 -0.036425214771 0.018291681476 0.020307072376 -
58263.0000000000 -177731830.284997 -134901269.672197 3072047.401960 8.085222726643 -21.831248465498 0.129504035796 1469.385226 -0.036334692886 0.018027118254 0.020258373651 -
58264.0000000000 -177025467.612926 -136781418.035822 3083151.260706 8.265406389263 -21.690564273223 0.127531970167 1469.252077 -0.036242355585 0.017764839782 0.020210107372 -
58265.0000000000 -176303629.543227 -138649375.993251 3094085.190025 8.443452532510 -21.549067300247 0.125570477057 1469.119513 -0.036147102573 0.017504857597 0.020162255594 -
58266.0000000000 -175566499.971350 -140505074.384246 3104850.102524 8.619379342797 -21.406782068769 0.123619536163 1468.987535 -0.036058682945 0.017246939177 0.020114910013 -
58267.0000000000 -174814261.249736 -142348446.140157 3115446.909173 8.793204350387 -21.263732475492 0.121679129848 1468.856123 -0.035954331739 0.016991595988 0.020067834079 -
58268.0000000000 -174047094.162187 -144179426.228648 3125876.518702 8.964946334900 -21.119941763099 0.119749223959 1468.725308 -0.035860095508 0.016738158707 0.020021285398 -
58269.0000000000 -173265177.940241 -145997951.600830 3136139.837437 9.134622447801 -20.975432604580 0.117829797029 1468.595060 -0.035764078366 0.016486829818 0.019975137493 -
58270.0000000000 -172468690.307692 -147803961.140467 3146237.769430 9.302250438065 -20.830227066583 0.115920817832 1468.465379 -0.035654274924 0.016238346637 0.019929260657 -
58271.0000000000 -171657807.428926 -149597395.610842 3156171.215603 9.467848653242 -20.684346592281 0.114022245288 1468.336291 -0.035562414854 0.015990926130 0.019883975999 -
58272.0000000000 -170832703.968601 -151378197.607904 3165941.074059 9.631433460815 -20.537812163624 0.112134055129 1468.207750 -0.035454655938 0.015746501686 0.019838928555 -
58273.0000000000 -169993553.096271 -153146311.511570 3175548.239813 9.793023101469 -20.390644096457 0.110256200231 1468.079787 -0.035351849983 0.015503797069 0.019794328800 -
58274.0000000000 -169140526.463766 -154901683.436911 3184993.604264 9.952634466211 -20.242862242788 0.108388643983 1467.952385 -0.035241994823 0.015263680960 0.019750046393 -
58275.0000000000 -168273794.238475 -156644261.189197 3194278.055239 10.110285025432 -20.094485877710 0.106531340348 1467.825557 -0.035135061829 0.015025328561 0.019706180652 -
58276.0000000000 -167393525.109328 -158373994.218912 3203402.476766 10.265991531708 -19.945533811918 0.104684247475 1467.699290 -0.035030062149 0.014788693492 0.019662716761 -
58277.0000000000 -166499886.321109 -160090833.580196 3212367.749155 10.419770661130 -19.796024358501 0.102847321093 1467.573575 -0.034920478098 0.014554439621 0.019619580890 -
58278.0000000000 -165593043.667155 -161794731.886583 3221174.748636 10.571639335429 -19.645975303446 0.101020511120 1467.448419 -0.034810831319 0.014322099601 0.019576816325 -
58279.0000000000 -164673161.496339 -163485643.268857 3229824.347164 10.721614068985 -19.495403984264 0.099203768644 1467.323816 -0.034700139162 0.014091751023 0.019534408182 -
58280.0000000000 -163740402.734398 -165163523.335425 3238317.412374 10.869711289963 -19.344327269664 0.097397042596 1467.199764 -0.034587422835 0.013863520797 0.019492341531 -
58281.0000000000 -162794928.891504 -166828329.132191 3246654.807396 11.015947337462 -19.192761568156 0.095600279818 1467.076264 -0.034471708046 0.013637571969 0.019450601444 -
58282.0000000000 -161836900.070078 -168480019.103183 3254837.390683 11.160338458852 -19.040722837148 0.093813425149 1466.953318 -0.034357586840 0.013413223648 0.019409233690 -
58283.0000000000 -160866474.986973 -170118553.054208 3262866.015990 11.302900479734 -18.888226643622 0.092036425077 1466.830918 -0.034244117381 0.013190536088 0.019368224378 -
58284.0000000000 -159883810.995924 -171743892.117694 3270741.532373 11.443649127811 -18.735288131234 0.090269224298 1466.709059 -0.034130362276 0.012969617007 0.019327559568 -
58285.0000000000 -158889064.096099 -173355998.716450 3278464.784032 11.582600030836 -18.581922028006 0.088511765788 1466.587735 -0.034009814137 0.012751628575 0.019287163580 -
58286.0000000000 -157882388.926629 -174954836.525520 3286036.610014 11.719769043183 -18.428142594442 0.086763987223 1466.466960 -0.033892687681 0.012534787693 0.019247145649 -
58287.0000000000 -156863938.789645 -176540370.439712 3293457.844224 11.855171259268 -18.273963807013 0.085025831939 1466.346721 -0.033778078304 0.012319116483 0.019207492897 -
58288.0000000000 -155833865.687703 -178112566.544889 3300729.315606 11.988821667254 -18.119399261594 0.083297241812 1466.227008 -0.033653916566 0.012107017606 0.019168066814 -
58289.0000000000 -154792320.304589 -179671392.079442 3307851.847703 12.120735805894 -17.964462042730 0.081578149900 1466.107839 -0.033536049387 0.011895331264 0.019129041793 -
58290.0000000000 -153739452.028852 -181216815.404670 3314826.258692 12.250928118578 -17.809165060687 0.079868498941 1465.989196 -0.033412419911 0.011686512645 0.019090279056 -
58291.0000000000 -152675408.977452 -182748805.975828 3321653.361423 12.379413596792 -17.653520729667 0.078168222957 1465.871087 -0.033293324915 0.011478323570 0.019051892201 -
58292.0000000000 -151600338.005340 -184267334.311591 3328333.963316 12.506206462057 -17.497541253264 0.076477262176 1465.753500 -0.033166712527 0.011273484095 0.019013741070 -
58293.0000000000 -150514384.715108 -185772371.963620 3334868.866250 12.631321482571 -17.341238340899 0.074795548127 1465.636446 -0.033048497431 0.011068233838 0.018976005073 -
58294.0000000000 -149417693.480992 -187263891.490724 3341258.866626 12.754772324267 -17.184623598235 0.073123022525 1465.519903 -0.032921046587 0.010866811560 0.018938478917 -
58295.0000000000 -148310407.458688 -188741866.429890 3347504.755274 12.876573528064 -17.027708063904 0.071459614638 1465.403889 -0.032794702932 0.010666739111 0.018901278878 -
58296.0000000000 -147192668.581012 -190206271.264739 3353607.317194 12.996738860448 -16.870502613494 0.069805260279 1465.288398 -0.032674224674 0.010466621701 0.018864458487 -
58297.0000000000 -146064617.610599 -191657081.409027 3359567.331964 13.115281642432 -16.713017903558 0.068159898168 1465.173411 -0.032547595081 0.010269653342 0.018827875196 -
58298.0000000000 -144926394.135663 -193094273.176360 3365385.573496 13.232215738667 -16.555264108715 0.066523458397 1465.058941 -0.032419591395 0.010074618512 0.018791582146 -
58299.0000000000 -143778136.565803 -194517823.750115 3371062.809789 13.347554567286 -16.397251189103 0.064895874005 1464.944986 -0.032289402855 0.009881762197 0.018755567437 -
58300.0000000000 -142619982.156342 -195927711.161499 3376599.803019 13.461311429520 -16.238988811532 0.063277077179 1464.831547 -0.032167409646 0.009687914489 0.018719952557 -
58301.0000000000 -141452067.046936 -197323914.273219 3381997.309808 13.573498849803 -16.080486558014 0.061667007166 1464.718604 -0.032030456271 0.009500138184 0.018684459313 -
58302.0000000000 -140274526.243227 -198706412.746383 3387256.080816 13.684130554132 -15.921753329156 0.060065586721 1464.606186 -0.031911291973 0.009308218041 0.018649477944 -
58303.0000000000 -139087493.655465 -200075187.025941 3392376.861022 13.793218172772 -15.762798370061 0.058472761572 1464.494249 -0.031775611885 0.009123013266 0.018614594349 -
58304.0000000000 -137891102.108691 -201430218.317042 3397360.389658 13.900775196168 -15.603630033791 0.056888453005 1464.382829 -0.031644998760 0.008937655527 0.018580066560 -
58305.0000000000 -136685483.324422 -202771488.553410 3402207.399815 14.006813678516 -15.444256833549 0.055312597529 1464.271909 -0.031518675202 0.008752190948 0.018545884592 -
58306.0000000000 -135470767.987737 -204098980.393832 3406918.619072 14.111345557283 -15.284687041072 0.053745131112 1464.161477 -0.031384737427 0.008570767479 0.018511901167 -
58307.0000000000 -134247085.728975 -205412677.191109 3411494.769106 14.214383310405 -15.124928450719 0.052185981091 1464.051548 -0.031253593673 0.008389768988 0.018478242160 -
58308.0000000000 -133014565.133885 -206712562.970857 3415936.565637 14.315938640353 -14.964988843548 0.050635082320 1463.942111 -0.031124494805 0.008209346128 0.018444897533 -
58309.0000000000 -131773333.782161 -207998622.421010 3420244.718738 14.416023133122 -14.804875770892 0.049092369175 1463.833159 -0.030991149499 0.008031855090 0.018411787717 -
58310.0000000000 -130523518.243340 -209270840.866595 3424419.932614 14.514648586090 -14.644596429858 0.047557771468 1463.724698 -0.030858399977 0.007855498018 0.018378971541 -
58311.0000000000 -129265244.086893 -210529204.249954 3428462.905562 14.611826351676 -14.484157914021 0.046031222639 1463.616725 -0.030719985666 0.007682764281 0.018346368932 -
58312.0000000000 -127998635.892324 -211773699.111108 3432374.329931 14.707567993488 -14.323566965756 0.044512651571 1463.509248 -0.030591829376 0.007507218167 0.018314180035 -
58313.0000000000 -126723817.287462 -213004312.580395 3436154.892446 14.801883977562 -14.162830508366 0.043001999161 1463.402241 -0.030456597754 0.007335827644 0.018282184605 -
58314.0000000000 -125440910.958444 -214221032.360147 3439805.274171 14.894785636468 -14.001954859971 0.041499193520 1463.295718 -0.030319156334 0.007166729683 0.018250442654 -
58315.0000000000 -124150038.631419 -215423846.695139 3443326.150122 14.986283859728 -13.840946259824 0.040004166526 1463.189681 -0.030184340278 0.006997824398 0.018219015441 -
58316.0000000000 -122851321.110714 -216612744.366591 3446718.189598 15.076389096410 -13.679810887192 0.038516853917 1463.084120 -0.030051455533 0.006829309967 0.018187893792 -
58317.0000000000 -121544878.302748 -217787714.681330 3449982.056330 15.165111682500 -13.518554730452 0.037037191159 1462.979029 -0.029919819343 0.006661420830 0.018157068504 -
58318.0000000000 -120230829.225794 -218948747.455411 3453118.408464 15.252461841179 -13.357183589607 0.035565113451 1462.874401 -0.029777790153 0.006499574056 0.018126386341 -
58319.0000000000 -118909291.991713 -220095832.984809 3456127.898169 15.338450331095 -13.195702774700 0.034100547226 1462.770258 -0.029641202015 0.006336522768 0.018096053537 -
58320.0000000000 -117580383.829758 -221228962.035590 3459011.171796 15.423086824596 -13.034117858137 0.032643431396 1462.666585 -0.029503898452 0.006175043999 0.018065989231 -
58321.0000000000 -116244221.124274 -222348125.841190 3461768.870225 15.506381207477 -12.872434086988 0.031193700414 1462.563379 -0.029370695715 0.006012756366 0.018036257107 -
58322.0000000000 -114900919.424216 -223453316.087652 3464401.628849 15.588342931862 -12.710656691893 0.029751292826 1462.460629 -0.029230039729 0.005855368071 0.018006702599 -
58323.0000000000 -113550593.438798 -224544524.891741 3466910.077373 15.668981984309 -12.548790413271 0.028316138383 1462.358350 -0.029092219626 0.005697809983 0.017977462625 -
58324.0000000000 -112193357.047012 -225621744.786264 3469294.839794 15.748307596442 -12.386840141973 0.026888175265 1462.256532 -0.028956583522 0.005540288332 0.017948528917 -
58325.0000000000 -110829323.334896 -226684968.719774 3471556.534766 15.826328892288 -12.224810611550 0.025467341528 1462.155167 -0.028817088820 0.005385962831 0.017919819246 -
58326.0000000000 -109458604.591020 -227734190.035606 3473695.775393 15.903055207889 -12.062706227532 0.024053570732 1462.054261 -0.028673157300 0.005235281938 0.017891324605 -
58327.0000000000 -108081312.302069 -228769402.450613 3475713.169034 15.978495769532 -11.900531231298 0.022646796273 1461.953823 -0.028540359966 0.005079703388 0.017863259260 -
58328.0000000000 -106697557.203511 -229790600.064099 3477609.317857 16.052658740353 -11.738290235022 0.021246964596 1461.853823 -0.028401890505 0.004928323731 0.017835392392 -
58329.0000000000 -105307449.288751 -230797777.344973 3479384.818828 16.125553134793 -11.575987182844 0.019854008900 1461.754273 -0.028257214110 0.004781678628 0.017807715001 -
58330.0000000000 -103911097.777071 -231790929.096039 3481040.263137 16.197187858163 -11.413625860175 0.018467862238 1461.655183 -0.028121812082 0.004630872170 0.017780443692 -
58331.0000000000 -102508611.163907 -232770050.464504 3482576.236761 16.267570760917 -11.251210454540 0.017088470869 1461.556530 -0.027979034731 0.004485480175 0.017753345469 -
58332.0000000000 -101100097.229903 -233735136.929704 3483993.320455 16.336710538956 -11.088744467040 0.015715767692 1461.458329 -0.027844307359 0.004336407794 0.017726638324 -
58333.0000000000 -99685663.049725 -234686184.291608 3485292.089752 16.404614838634 -10.926231819204 0.014349698905 1461.360558 -0.027695801122 0.004196824108 0.017700011986 -
58334.0000000000 -98265414.987552 -235623188.650421 3486473.114761 16.471292460223 -10.763675539918 0.012990192778 1461.263247 -0.027559482015 0.004050926486 0.017673837533 -
58335.0000000000 -96839458.719402 -236546146.403585 3487536.960361 16.536750533244 -10.601079481279 0.011637199942 1461.166364 -0.027418864171 0.003908740024 0.017647879841 -
58336.0000000000 -95407899.269017 -237455054.251068 3488484.186581 16.600997027381 -10.438446794588 0.010290657559 1461.069917 -0.027273450179 0.003770779762 0.017622130757 -
58337.0000000000 -93970840.976059 -238349909.159229 3489315.348022 16.664039808294 -10.275780495473 0.008950502733 1460.973916 -0.027133190643 0.003630627897 0.017596735878 -
58338.0000000000 -92528387.531745 -239230708.366928 3490030.994238 16.725886020744 -10.113083876701 0.007616681613 1460.878344 -0.026997469627 0.003488463215 0.017571688424 -
58339.0000000000 -91080642.014103 -240097449.392745 3490631.670133 16.786542714400 -9.950360120913 0.006289140392 1460.783191 -0.026850130636 0.003355152649 0.017546749846 -
58340.0000000000 -89627706.856429 -240950129.998268 3491117.915374 16.846017764082 -9.787611671146 0.004967811590 1460.688479 -0.026706297786 0.003220664094 0.017522143989 -
58341.0000000000 -88169683.855874 -241788748.177704 3491490.264385 16.904318020709 -9.624841469477 0.003652641403 1460.594199 -0.026565383028 0.003085223018 0.017497864190 -
58342.0000000000 -86706674.221726 -242613302.174902 3491749.246946 16.961450241510 -9.462052352952 0.002343576082 1460.500340 -0.026426819782 0.002949110424 0.017473903668 -
58343.0000000000 -85238778.583511 -243423790.474241 3491895.388194 17.017421089762 -9.299247052835 0.001040561930 1460.406897 -0.026279837454 0.002820079588 0.017450099490 -
58344.0000000000 -83766096.972994 -244220211.772502 3491929.208230 17.072237739492 -9.136427754969 -0.000256463945 1460.313884 -0.026139305927 0.002687468919 0.017426678777 -
58345.0000000000 -82288728.845532 -245002564.978913 3491851.222321 17.125906359533 -8.973597191582 -0.001547550552 1460.221286 -0.025994474733 0.002559056604 0.017403478437 -
58346.0000000000 -80806773.101407 -245770849.215322 3491661.941102 17.178433630235 -8.810757552703 -0.002832756094 1460.129109 -0.025854995200 0.002427658081 0.017380648658 -
58347.0000000000 -79320328.093733 -246525063.807703 3491361.870582 17.229825537309 -8.647911373738 -0.004112129435 1460.037339 -0.025705205985 0.002305179377 0.017357946649 -
58348.0000000000 -77829491.623727 -247265208.267288 3490951.511949 17.280088870588 -8.485060408070 -0.005385733359 1459.945998 -0.025564780434 0.002176567829 0.017335681185 -
58349.0000000000 -76334360.961521 -247991282.292014 3490431.361773 17.329229134005 -8.322207224502 -0.006653611922 1459.855061 -0.025423101099 0.002049864255 0.017313688156 -
58350.0000000000 -74835032.879792 -248703285.778028 3489801.912420 17.377252338984 -8.159353842834 -0.007915818434 1459.764529 -0.025279704114 0.001925521349 0.017291960939 -
58351.0000000000 -73331603.635829 -249401218.791745 3489063.651650 17.424164404530 -7.996502184975 -0.009172406146 1459.674403 -0.025129200213 0.001808060915 0.017270413389 -
58352.0000000000 -71824168.966881 -250085081.551072 3488217.062425 17.469971449684 -7.833653836087 -0.010423432961 1459.584699 -0.024990856383 0.001681634687 0.017249358005 -
58353.0000000000 -70312824.135892 -250754874.448486 3487262.623519 17.514678334883 -7.670811252332 -0.011668937826 1459.495384 -0.024844434604 0.001562876314 0.017228469601 -
58354.0000000000 -68797663.939184 -251410598.043314 3486200.809531 17.558291001264 -7.507975840153 -0.012908978484 1459.406476 -0.024699334799 0.001444072347 0.017207901670 -
58355.0000000000 -67278782.688838 -252052253.033381 3485032.090483 17.600814717128 -7.345149399354 -0.014143603142 1459.317970 -0.024555050867 0.001325568743 0.017187648348 -
58356.0000000000 -65756274.245457 -252679840.268465 3483756.932236 17.642254665146 -7.182333647901 -0.015372859905 1459.229860 -0.024411098491 0.001207752430 0.017167703715 -
58357.0000000000 -64230232.025588 -253293360.743201 3482375.796499 17.682615941897 -7.019530221316 -0.016596796772 1459.142145 -0.024267005574 0.001091028046 0.017148061886 -
58358.0000000000 -62700749.009154 -253892815.589994 3480889.140839 17.721903557957 -6.856740673414 -0.017815461644 1459.054821 -0.024117560830 0.000980187409 0.017128636147 -
58359.0000000000 -61167917.734725 -254478206.060805 3479297.418480 17.760122719358 -6.693966218233 -0.019028907113 1458.967900 -0.023976595048 0.000862589726 0.017109663464 -
58360.0000000000 -59631830.331315 -255049533.542468 3477601.078731 17.797277700717 -6.531208764050 -0.020237171287 1458.881359 -0.023829370963 0.000751729217 0.017090895227 -
58361.0000000000 -58092578.525736 -255606799.549883 3475800.566988 17.833373537763 -6.368469367409 -0.021440306550 1458.795210 -0.023684923325 0.000639268306 0.017072488015 -
58362.0000000000 -56550253.637619 -256150005.708355 3473896.324544 17.868414620308 -6.205749527626 -0.022638355573 1458.709446 -0.023538093024 0.000530066768 0.017054355034 -
58363.0000000000 -55004946.598882 -256679153.758149 3471888.788798 17.902405533586 -6.043050406805 -0.023831365723 1458.624068 -0.023393105966 0.000420068090 0.017036572291 -
58364.0000000000 -53456747.960821 -257194245.548238 3469778.393276 17.935350503116 -5.880373359498 -0.025019379424 1458.539071 -0.023244891153 0.000314258395 0.017019052743 -
58365.0000000000 -51905747.901375 -257695283.029860 3467565.567629 17.967253946087 -5.717719398635 -0.026202443819 1458.454459 -0.023102198382 0.000203880416 0.017001954732 -
58366.0000000000 -50352036.243897 -258182268.262236 3465250.737863 17.998119653331 -5.555090011148 -0.027380596232 1458.370218 -0.022955404878 0.000098579117 0.016985109218 -
58367.0000000000 -48795702.464232 -258655203.406496 3462834.326343 18.027951878383 -5.392486069342 -0.028553883564 1458.286355 -0.022808680972 -0.000005784627 0.016968592956 -
58368.0000000000 -47236835.686003 -259114090.707912 3460316.751598 18.056754521036 -5.229908648895 -0.029722347738 1458.202867 -0.022661591481 -0.000108770742 0.016952400892 -
58369.0000000000 -45675524.699367 -259558932.501812 3457698.428541 18.084531400816 -5.067358759014 -0.030886030547 1458.119753 -0.022518152493 -0.000214720947 0.016936610456 -
58370.0000000000 -44111857.979309 -259989731.220141 3454979.768690 18.111285993839 -4.904837627176 -0.032044968762 1458.037002 -0.022369043094 -0.000313598289 0.016921051693 -
58371.0000000000 -42545923.681153 -260406489.373568 3452161.179970 18.137022223721 -4.742345848509 -0.033199208799 1457.954626 -0.022222738634 -0.000414520868 0.016905884863 -
58372.0000000000 -40977809.647424 -260809209.545947 3449243.066723 18.161743407635 -4.579884522162 -0.034348787159 1457.872615 -0.022074402807 -0.000512201151 0.016891022516 -
58373.0000000000 -39407603.426144 -261197894.401042 3446225.829933 18.185453045708 -4.417454398994 -0.035493745097 1457.790972 -0.021927987127 -0.000611057315 0.016876542773 -
58374.0000000000 -37835392.277498 -261572546.677341 3443109.867237 18.208154300792 -4.255056458058 -0.036634118821 1457.709690 -0.021783023787 -0.000710680409 0.016862441089 -
58375.0000000000 -36261263.191637 -261933169.195469 3439895.573151 18.229850260904 -4.092691621830 -0.037769944387 1457.628763 -0.021634828603 -0.000805598413 0.016848629765 -
58376.0000000000 -34685302.884326 -262279764.840386 3436583.338869 18.250544189697 -3.930360457354 -0.038901262635 1457.548198 -0.021491500202 -0.000905364885 0.016835270734 -
58377.0000000000 -33107597.814473 -262612336.569214 3433173.552487 18.270238769276 -3.768064068106 -0.040028104391 1457.467978 -0.021339979373 -0.000994332874 0.016822109654 -
58378.0000000000 -31528234.180180 -262930887.393097 3429666.598808 18.288937354884 -3.605802601402 -0.041150515151 1457.388123 -0.021192529921 -0.001087169693 0.016809392335 -
58379.0000000000 -29947297.925404 -263235420.372277 3426062.859346 18.306642474259 -3.443577046564 -0.042268525436 1457.308620 -0.021048617000 -0.001183529005 0.016797114728 -
58380.0000000000 -28364874.778667 -263525938.650441 3422362.712990 18.323356586742 -3.281388346166 -0.043382165592 1457.229459 -0.020899614020 -0.001272585315 0.016785105410 -
58381.0000000000 -26781050.238211 -263802445.423900 3418566.535582 18.339082563530 -3.119236775885 -0.044491475728 1457.150648 -0.020749331103 -0.001358914658 0.016773443914 -
58382.0000000000 -25195909.568256 -264064943.923456 3414674.699723 18.353822950777 -2.957122858719 -0.045596490844 1457.072190 -0.020605399699 -0.001452548405 0.016762293939 -
58383.0000000000 -23609537.836850 -264313437.449804 3410687.575423 18.367579743347 -2.795047689672 -0.046697235830 1456.994065 -0.020455355510 -0.001537224840 0.016751399989 -
58384.0000000000 -22022019.912007 -264547929.355645 3406605.529907 18.380355576843 -2.633011377798 -0.047793750330 1456.916288 -0.020306875651 -0.001622922848 0.016740926089 -
58385.0000000000 -20433440.457929 -264768423.027766 3402428.927409 18.392152533663 -2.471014603270 -0.048886063873 1456.838852 -0.020163397847 -0.001714571234 0.016730952660 -
58386.0000000000 -18843883.971923 -264974921.923499 3398158.129837 18.402972394689 -2.309058319090 -0.049974200826 1456.761741 -0.020012842764 -0.001795544183 0.016721223737 -
58387.0000000000 -17253434.770688 -265167429.539117 3393793.496355 18.412817559946 -2.147142473827 -0.051058200345 1456.684971 -0.019862716546 -0.001875980471 0.016711904114 -
58388.0000000000 -15662176.986978 -265345949.391668 3389335.383180 18.421689887384 -1.985267599950 -0.052138091438 1456.608539 -0.019716390304 -0.001960860884 0.016703074698 -
58389.0000000000 -14070194.605833 -265510485.056254 3384784.144249 18.429590938370 -1.823434509056 -0.053213897928 1456.532433 -0.019569628616 -0.002044249985 0.016694647854 -
58390.0000000000 -12477571.470705 -265661040.162223 3380140.131231 18.436522429178 -1.661643645433 -0.054285648452 1456.456652 -0.019422092771 -0.002125582895 0.016686620339 -
58391.0000000000 -10884391.280040 -265797618.375241 3375403.693331 18.442486000164 -1.499895405623 -0.055353371464 1456.381194 -0.019273453599 -0.002204290714 0.016678989065 -
58392.0000000000 -9290737.593849 -265920223.393198 3370575.177301 18.447483215475 -1.338190139190 -0.056417095229 1456.306061 -0.019123399774 -0.002279790856 0.016671751075 -
58393.0000000000 -7696693.840333 -266028858.942158 3365654.927461 18.451515562244 -1.176528148899 -0.057476847817 1456.231254 -0.018975205411 -0.002357126706 0.016664988037 -
58394.0000000000 -6102343.331712 -266123528.786777 3360643.285931 18.454584238086 -1.014910025509 -0.058532652086 1456.156765 -0.018828442219 -0.002435799954 0.016658697172 -
58395.0000000000 -4507769.279741 -266204236.741030 3355540.592865 18.456690370969 -0.853336320025 -0.059584530688 1456.082589 -0.018679221066 -0.002509587807 0.016652791224 -
58396.0000000000 -2913054.792851 -266270986.650139 3350347.186250 18.457835224788 -0.691807204994 -0.060632511089 1456.008728 -0.018530756270 -0.002583571842 0.016647352348 -
58397.0000000000 -1318282.882600 -266323782.386899 3345063.401929 18.458019778066 -0.530323146230 -0.061676615521 1455.935180 -0.018382671739 -0.002657209858 0.016642378169 -
58398.0000000000 276463.520881 -266362627.862640 3339689.573831 18.457244937152 -0.368884570101 -0.062716865998 1455.861939 -0.018234617764 -0.002729935713 0.016637866422 -
58399.0000000000 1871101.562587 -266387527.023799 3334226.033994 18.455511534819 -0.207491863078 -0.063753284311 1455.789005 -0.018082944678 -0.002795356589 0.016633730342 -
58400.0000000000 3465548.464753 -266398483.833574 3328673.112367 18.452820526264 -0.046145026869 -0.064785897051 1455.716383 -0.017937329071 -0.002870300404 0.016630222185 -
58401.0000000000 5059721.503270 -266395502.298263 3323031.137261 18.449172198291 0.115154942475 -0.065814715483 1455.644055 -0.017787446339 -0.002936768629 0.016627085786 -
58402.0000000000 6653538.001218 -266378586.463917 3317300.435374 18.444567356523 0.276408120561 -0.066839765728 1455.572030 -0.017639582821 -0.003005813978 0.016624489067 -
58403.0000000000 8246915.331110 -266347740.398281 3311481.331592 18.439006339587 0.437613929454 -0.067861063595 1455.500301 -0.017490165398 -0.003070992338 0.016622345746 -
58404.0000000000 9839770.899825 -266302968.202439 3305574.149228 18.432489604392 0.598772175255 -0.068878629671 1455.428867 -0.017342071620 -0.003137599031 0.016620739275 -
58405.0000000000 11432022.142289 -266244274.007772 3299579.210047 18.425017343281 0.759882350311 -0.069892479247 1455.357724 -0.017194921549 -0.003205074666 0.016619668404 -
58406.0000000000 13023586.506973 -266171661.988100 3293496.834501 18.416589677423 0.920943979789 -0.070902627348 1455.286866 -0.017042336623 -0.003260845333 0.016618962696 -
58407.0000000000 14614381.465128 -266085136.326068 3287327.341325 18.407207012996 1.081957334047 -0.071909098787 1455.216306 -0.016896199120 -0.003328221282 0.016618960487 -
58408.0000000000 16204324.488575 -265984701.240839 3281071.047990 18.396868957024 1.242921297279 -0.072911897954 1455.146023 -0.016747068611 -0.003388659521 0.016619406676 -
58409.0000000000 17793333.035348 -265870361.000553 3274728.270948 18.385575583320 1.403835851379 -0.073911044049 1455.076022 -0.016597722984 -0.003447507798 0.016620385702 -
58410.0000000000 19381324.558686 -265742119.888802 3268299.325224 18.373326707047 1.564700656595 -0.074906550934 1455.006301 -0.016447883828 -0.003504149500 0.016621897415 -
58411.0000000000 20968216.492520 -265599982.217165 3261784.524658 18.360122066122 1.725515404704 -0.075898432153 1454.936860 -0.016302876825 -0.003570175826 0.016624111029 -
58412.0000000000 22553926.230421 -265443952.353843 3255184.182369 18.345960988358 1.886279093101 -0.076886690873 1454.867681 -0.016151164870 -0.003620561922 0.016626688025 -
58413.0000000000 24138371.133425 -265274034.689756 3248498.610346 18.330843392789 2.046992198251 -0.077871350043 1454.798781 -0.016000995603 -0.003672948473 0.016629883168 -
58414.0000000000 25721468.530354 -265090233.620252 3241728.119265 18.314768614657 2.207654141107 -0.078852417167 1454.730154 -0.015854638538 -0.003732946650 0.016633781493 -
58415.0000000000 27303135.682704 -264892553.605483 3234873.019383 18.297735760262 2.368264000421 -0.079829894376 1454.661784 -0.015703788676 -0.003781434534 0.016638130145 -
58416.0000000000 28883289.791995 -264680999.136554 3227933.620140 18.279744334918 2.528821980759 -0.080803798502 1454.593682 -0.015556165683 -0.003836299595 0.016643184050 -
58417.0000000000 30461847.993121 -264455574.733257 3220910.230189 18.260793291027 2.689327213424 -0.081774130925 1454.525836 -0.015408781619 -0.003890772815 0.016648859909 -
58418.0000000000 32038727.334047 -264216284.973571 3213803.157863 18.240881663901 2.849779219918 -0.082740897656 1454.458242 -0.015258927919 -0.003937961614 0.016655075135 -
58419.0000000000 33613844.782247 -263963134.459679 3206612.710777 18.220008555016 3.010177918370 -0.083704109303 1454.390905 -0.015108956782 -0.003983439587 0.016661916391 -
58420.0000000000 35187117.217428 -263696127.815728 3199339.195866 18.198172831198 3.170522882059 -0.084663771024 1454.323822 -0.014961003734 -0.004032868876 0.016669470212 -
58421.0000000000 36758461.411802 -263415269.717895 3191982.919852 18.175373137243 3.330813333098 -0.085619882526 1454.256985 -0.014812381038 -0.004079358265 0.016677654819 -
58422.0000000000 38327794.023268 -263120564.892557 3184544.189291 18.151608182242 3.491048887185 -0.086572448070 1454.190391 -0.014662930032 -0.004122250428 0.016686473315 -
58423.0000000000 39895031.594472 -262812018.098328 3177023.310385 18.126876589096 3.651229182281 -0.087521471432 1454.124041 -0.014514719864 -0.004167236290 0.016696013121 -
58424.0000000000 41460090.539625 -262489634.140469 3169420.589253 18.101176761873 3.811353500389 -0.088466950894 1454.057927 -0.014367443052 -0.004213717913 0.016706277653 -
58425.0000000000 43022887.131686 -262153417.885550 3161736.332182 18.074507026736 3.971421140151 -0.089408884233 1453.992044 -0.014216593876 -0.004248336135 0.016717103271 -
58426.0000000000 44583337.506396 -261803374.227299 3153970.845242 18.046865881125 4.131432174119 -0.090347278657 1453.926400 -0.014070561194 -0.004295929115 0.016728829845 -
58427.0000000000 46141357.643962 -261439508.117835 3146124.434768 18.018251227198 4.291385177937 -0.091282120880 1453.860976 -0.013920654933 -0.004330386072 0.016741126839 -
58428.0000000000 47696863.361452 -261061824.566254 3138197.407406 17.988661386413 4.451280256834 -0.092213416966 1453.795782 -0.013774935596 -0.004376646414 0.016754334273 -
58429.0000000000 49249770.306008 -260670328.637578 3130190.070163 17.958094103741 4.611116010827 -0.093141152479 1453.730799 -0.013623242495 -0.004402051964 0.016768039993 -
58430.0000000000 50799993.951801 -260265025.434978 3122102.730250 17.926547630197 4.770892956636 -0.094065337191 1453.666047 -0.013477204851 -0.004444495674 0.016782751285 -
58431.0000000000 52347449.587789 -259845920.115355 3113935.695346 17.894019427409 4.930609333601 -0.094985950434 1453.601502 -0.013328825041 -0.004477696793 0.016798140590 -
58432.0000000000 53892052.299895 -259413017.921389 3105689.274088 17.860507333730 5.090264916592 -0.095902990722 1453.537168 -0.013181747107 -0.004513916146 0.016814381713 -
58433.0000000000 55433716.973642 -258966324.147875 3097363.775700 17.826008871889 5.249858724149 -0.096816445949 1453.473037 -0.013032256639 -0.004539639952 0.016831316088 -
58434.0000000000 56972358.285762 -258505844.140937 3088959.510058 17.790521685948 5.409390549380 -0.097726313157 1453.409116 -0.012883819878 -0.004567200630 0.016849118269 -
58435.0000000000 58507890.696219 -258031583.297527 3080476.787752 17.754043113998 5.568859422451 -0.098632578730 1453.345398 -0.012739414895 -0.004609041171 0.016867961845 -
58436.0000000000 60040228.423007 -257543547.131679 3071915.921009 17.716570216678 5.728263602683 -0.099535218444 1453.281861 -0.012589103805 -0.004625629727 0.016887359490 -
58437.0000000000 61569285.451327 -257041741.207684 3063277.222908 17.678100544573 5.887603667229 -0.100434236767 1453.218528 -0.012444063707 -0.004661882998 0.016907900016 -
58438.0000000000 63094975.521667 -256526171.156767 3054561.007665 17.638630882381 6.046877489385 -0.101329602889 1453.155373 -0.012294779472 -0.004678230709 0.016929098389 -
58439.0000000000 64617212.116757 -255996842.693757 3045767.590926 17.598158478617 6.206085260272 -0.102221314555 1453.092410 -0.012148760605 -0.004706693629 0.016951378043 -
58440.0000000000 66135908.457885 -255453761.600766 3036897.289632 17.556680032854 6.365225231156 -0.103109344060 1453.029623 -0.012002770152 -0.004733740643 0.016974585414 -
58441.0000000000 67650977.485053 -254896933.777845 3027950.422733 17.514192334122 6.524296420465 -0.103993672552 1452.967006 -0.011854148652 -0.004745763361 0.016998569465 -
58442.0000000000 69162331.863195 -254326365.176552 3018927.310433 17.470692226031 6.683298617211 -0.104874289890 1452.904569 -0.011709459525 -0.004774970509 0.017023752952 -
58443.0000000000 70669883.963178 -253742061.851135 3009828.274910 17.426176057716 6.842229655150 -0.105751160518 1452.842290 -0.011562073041 -0.004788175410 0.017049740467 -
58444.0000000000 72173545.852944 -253144029.959525 3000653.640410 17.380640467789 7.001089300181 -0.106624272123 1452.780178 -0.011416965012 -0.004811100291 0.017076873542 -
58445.0000000000 73673229.292676 -252532275.747797 2991403.733131 17.334081693548 7.159875745803 -0.107493591811 1452.718219 -0.011269357276 -0.004817088363 0.017104842019 -
58446.0000000000 75168845.725164 -251906805.551518 2982078.881329 17.286496150415 7.318588726726 -0.108359104866 1452.656422 -0.011125904785 -0.004845074621 0.017134149697 -
58447.0000000000 76660306.261781 -251267625.831170 2972679.415837 17.237879751279 7.477225616422 -0.109220766335 1452.594761 -0.010978941317 -0.004848723793 0.017164245752 -
58448.0000000000 78147521.675842 -250614743.157137 2963205.669968 17.188228757621 7.635786497173 -0.110078563762 1452.533253 -0.010834748792 -0.004867037185 0.017195634623 -
58449.0000000000 79630402.396844 -249948164.194991 2953657.979419 17.137538949179 7.794269082974 -0.110932454420 1452.471877 -0.010689254328 -0.004873400908 0.017228011915 -
58450.0000000000 81108858.495428 -249267895.741583 2944036.682809 17.085806239154 7.952672620766 -0.111782413421 1452.410638 -0.010545254413 -0.004887187857 0.017261639659 -
58451.0000000000 82582799.677218 -248573944.710828 2934342.121591 17.033026264862 8.110995153475 -0.112628400025 1452.349524 -0.010400127193 -0.004888385587 0.017296297932 -
58452.0000000000 84052135.272886 -247866318.136593 2924574.640184 16.979194709301 8.269235861289 -0.113470386311 1452.288539 -0.010257085298 -0.004903007073 0.017332329557 -
58453.0000000000 85516774.227062 -247145023.192785 2914734.586312 16.924306953293 8.427392322038 -0.114308323699 1452.227665 -0.010112988623 -0.004904521271 0.017369437562 -
58454.0000000000 86976625.088528 -246410067.196831 2904822.311146 16.868358452642 8.585463635398 -0.115142181012 1452.166907 -0.009969440002 -0.004905860082 0.017407806827 -
58455.0000000000 88431596.004466 -245661457.579685 2894838.169035 16.811344455157 8.743448073506 -0.115971915815 1452.106258 -0.009826936737 -0.004913418766 0.017447541988 -
58456.0000000000 89881594.705294 -244899201.940601 2884782.518275 16.753260065590 8.901343468030 -0.116797479181 1452.045705 -0.009684244584 -0.004913913584 0.017488511036 -
58457.0000000000 91326528.496722 -244123308.034690 2874655.721063 16.694100347851 9.059148379284 -0.117618829779 1451.985249 -0.009541559784 -0.004907250274 0.017530743076 -
58458.0000000000 92766304.252513 -243333783.743936 2864458.143252 16.633860239028 9.216861309714 -0.118435924287 1451.924888 -0.009399853192 -0.004906496794 0.017574425486 -
58459.0000000000 94200828.401487 -242530637.116116 2854190.154930 16.572534502411 9.374479918802 -0.119248707973 1451.864609 -0.009258560513 -0.004905062788 0.017619509873 -
58460.0000000000 95630006.916424 -241713876.387177 2843852.130801 16.510117817963 9.532002190910 -0.120057128723 1451.804407 -0.009117690880 -0.004902964885 0.017666028540 -
58461.0000000000 97053745.305344 -240883509.970238 2833444.450168 16.446604747303 9.689426040195 -0.120861132243 1451.744273 -0.008976768217 -0.004887190409 0.017713859805 -
58462.0000000000 98471948.602494 -240039546.428237 2822967.496720 16.381989761664 9.846750084083 -0.121660671224 1451.684213 -0.008836922500 -0.004884039761 0.017763351175 -
58463.0000000000 99884521.356366 -239181994.514336 2812421.659141 16.316267145347 10.003971301558 -0.122455677417 1451.624208 -0.008697459140 -0.004880573913 0.017814382893 -
58464.0000000000 101291367.618199 -238310863.212681 2801807.331713 16.249431103381 10.161087366346 -0.123246089440 1451.564250 -0.008558239418 -0.004863968441 0.017866839557 -
58465.0000000000 102692390.933659 -237426161.678762 2791124.913736 16.181475727484 10.318096638096 -0.124031852526 1451.504342 -0.008419689314 -0.004847580717 0.017920917183 -
58466.0000000000 104087494.331549 -236527899.247562 2780374.809759 16.112394961436 10.474996601881 -0.124812899986 1451.444476 -0.008281750839 -0.004831744655 0.017976657806 -
58467.0000000000 105476580.312238 -235616085.475729 2769557.430209 16.042182628882 10.631784641106 -0.125589162376 1451.384642 -0.008144295544 -0.004823336894 0.018034181497 -
58468.0000000000 106859550.837408 -234690730.167285 2758673.191834 15.970832436520 10.788457645717 -0.126360562842 1451.324828 -0.008007475131 -0.004803323980 0.018093304940 -
58469.0000000000 108236307.319194 -233751843.349731 2747722.517563 15.898337956414 10.945013552286 -0.127127035191 1451.265033 -0.007871242696 -0.004785236027 0.018154229482 -
58470.0000000000 109606750.609011 -232799435.267460 2736705.836572 15.824692636749 11.101449403142 -0.127888500992 1451.205247 -0.007735714068 -0.004763193627 0.018216929302 -
58471.0000000000 110970780.986392 -231833516.409213 2725623.584756 15.749889791084 11.257762499394 -0.128644883094 1451.145464 -0.007600665494 -0.004744329239 0.018281532370 -
58472.0000000000 112328298.148177 -230854097.519290 2714476.205020 15.673922617494 11.413949623746 -0.129396096479 1451.085674 -0.007466977993 -0.004710059371 0.018347867882 -
58473.0000000000 113679201.195653 -229861189.576308 2703264.147183 15.596784131702 11.570008569060 -0.130142066045 1451.025877 -0.007332644109 -0.004699827265 0.018416442766 -
58474.0000000000 115023388.626175 -228854803.855295 2691987.868867 15.518467337943 11.725934680702 -0.130882686253 1450.966049 -0.007200905617 -0.004656690820 0.018486642977 -
58475.0000000000 116360758.318628 -227834951.891337 2680647.835248 15.438964915328 11.881726592938 -0.131617887879 1450.906201 -0.007068153171 -0.004639413626 0.018559202232 -
58476.0000000000 117691207.522907 -226801645.493175 2669244.519376 15.358269624617 12.037379336490 -0.132347557757 1450.846307 -0.006937332970 -0.004604209641 0.018633663679 -
58477.0000000000 119014632.850062 -225754896.790868 2657778.402918 15.276373916758 12.192890442170 -0.133071609677 1450.786370 -0.006806465830 -0.004577829686 0.018710391135 -
58478.0000000000 120330930.258147 -224694718.201371 2646249.975935 15.193270225013 12.348255737592 -0.133789935514 1450.726373 -0.006677753832 -0.004536070339 0.018789159915 -
58479.0000000000 121639995.039890 -223621122.444733 2634659.737261 15.108950714798 12.503472378633 -0.134502440279 1450.666316 -0.006548644915 -0.004505725871 0.018870336471 -
58480.0000000000 122941721.811725 -222534122.560666 2623008.194893 15.023407565616 12.658535809206 -0.135209006911 1450.606181 -0.006420869678 -0.004469198955 0.018953776219 -
58481.0000000000 124236004.503947 -221433731.942387 2611295.866580 14.936632714836 12.813442401910 -0.135909526714 1450.545963 -0.006294421156 -0.004428102581 0.019039558653 -
58482.0000000000 125522736.344204 -220319964.305942 2599523.279677 14.848617959972 12.968188310726 -0.136603886014 1450.485653 -0.006169177800 -0.004384140095 0.019127766007 -
58483.0000000000 126801809.845660 -219192833.709468 2587690.971581 14.759354964291 13.122769462338 -0.137291965997 1450.425242 -0.006043088239 -0.004351599217 0.019218626360 -
58484.0000000000 128073116.800307 -218052354.605362 2575799.490556 14.668835370562 13.277180803068 -0.137973634021 1450.364712 -0.005919391036 -0.004307300303 0.019311940383 -
58485.0000000000 129336548.263531 -216898541.828722 2563849.395819 14.577050484757 13.431418527249 -0.138648769074 1450.304059 -0.005798124792 -0.004253382042 0.019407801911 -
58486.0000000000 130591994.533197 -215731410.554817 2551841.257298 14.483991465399 13.585478565585 -0.139317244322 1450.243276 -0.005675937167 -0.004210629192 0.019506519301 -
58487.0000000000 131839345.145573 -214550976.370013 2539775.656681 14.389649524335 13.739355470609 -0.139978914324 1450.182345 -0.005555430375 -0.004162630376 0.019607977937 -
58488.0000000000 133078488.864572 -213357255.295282 2527653.187937 14.294015570784 13.893044628831 -0.140633640230 1450.121259 -0.005436320774 -0.004111813491 0.019712281188 -
58489.0000000000 134309313.662967 -212150263.762798 2515474.457311 14.197080382023 14.046541134562 -0.141281276802 1450.060005 -0.005318168283 -0.004060698391 0.019819535688 -
58490.0000000000 135531706.711350 -210930018.641586 2503240.083876 14.098834611458 14.199839780464 -0.141921672215 1449.998572 -0.005201693190 -0.004005809043 0.019929782348 -
58491.0000000000 136745554.364382 -209696537.248333 2490950.699943 13.999268718244 14.352935410740 -0.142554671982 1449.936948 -0.005086393338 -0.003949948732 0.020043136137 -
58492.0000000000 137950742.147106 -208449837.359268 2478606.951472 13.898373038874 14.505822542832 -0.143180114542 1449.875122 -0.004971617362 -0.003896013546 0.020159715574 -
58493.0000000000 139147154.744677 -207189937.238826 2466209.498699 13.796137794836 14.658495357574 -0.143797831048 1449.813079 -0.004859435299 -0.003834962141 0.020279506673 -
58494.0000000000 140334675.985371 -205916855.638186 2453759.016421 13.692552929205 14.810948406183 -0.144407653268 1449.750810 -0.004746312459 -0.003782053449 0.020402773701 -
58495.0000000000 141513188.830900 -204630611.826021 2441256.194661 13.587608439409 14.963175157612 -0.145009397006 1449.688297 -0.004638774695 -0.003710643359 0.020529309523 -
58496.0000000000 142682575.355157 -203331225.574324 2428701.738830 13.481293776435 15.115170491181 -0.145602890202 1449.625533 -0.004530158463 -0.003648250154 0.020659523125 -
58497.0000000000 143842716.730908 -202018717.176207 2416096.370270 13.373598629628 15.266927463916 -0.146187936216 1449.562502 -0.004422401135 -0.003586495114 0.020793420171 -
58498.0000000000 144993493.228186 -200693107.511130 2403440.827334 13.264512412903 15.418439445014 -0.146764337865 1449.499188 -0.004317776429 -0.003517368307 0.020931014232 -
58499.0000000000 146134784.189580 -199354418.019096 2390735.865454 13.154024243489 15.569700088931 -0.147331896962 1449.435580 -0.004213626434 -0.003450760681 0.021072524384 -
58500.0000000000 147266468.017244 -198002670.722318 2377982.257762 13.042123234678 15.720702263254 -0.147890402068 1449.371661 -0.004112159327 -0.003379041639 0.021217975466 -
58501.0000000000 148388422.159978 -196637888.248314 2365180.795727 12.928798204598 15.871439087826 -0.148439640080 1449.307418 -0.004010385710 -0.003312313021 0.021367595864 -
58502.0000000000 149500523.101064 -195260093.854009 2352332.289825 12.814037984889 16.021902872276 -0.148979384098 1449.242833 -0.003912322104 -0.003237568462 0.021521357382 -
58503.0000000000 150602646.341333 -193869311.436466 2339437.570075 12.697831001930 16.172086488005 -0.149509408732 1449.177894 -0.003816705959 -0.003159500096 0.021679435216 -
58504.0000000000 151694666.377705 -192465565.530175 2326497.486426 12.580165590402 16.321982307421 -0.150029477983 1449.112585 -0.003720560549 -0.003087048661 0.021842056187 -
58505.0000000000 152776456.699631 -191048881.361362 2313512.909807 12.461030094410 16.471581944700 -0.150539342167 1449.046887 -0.003625900769 -0.003013904348 0.022009279624 -
58506.0000000000 153847889.777006 -189619284.874483 2300484.732881 12.340412568846 16.620877158977 -0.151038747917 1448.980784 -0.003537961821 -0.002925827372 0.022181080249 -
58507.0000000000 154908837.026840 -188176802.699533 2287413.870143 12.218300586305 16.769860321085 -0.151527443231 1448.914262 -0.003446203171 -0.002852441929 0.022357930252 -
58508.0000000000 155959168.812178 -186721462.212460 2274301.259082 12.094682176728 16.918521791674 -0.152005147821 1448.847300 -0.003361649152 -0.002763590899 0.022539634434 -
58509.0000000000 156998754.426028 -185253291.555133 2261147.860907 11.969544540574 17.066853479377 -0.152471592921 1448.779884 -0.003273421621 -0.002688365242 0.022726668140 -
58510.0000000000 158027462.076070 -183772319.654511 2247954.661277 11.842875353966 17.214845301035 -0.152926481307 1448.711991 -0.003192910677 -0.002597362099 0.022918854420 -
58511.0000000000 159045158.868352 -182278576.244338 2234722.671080 11.714661439868 17.362488663059 -0.153369526212 1448.643606 -0.003113425662 -0.002508215082 0.023116549825 -
58512.0000000000 160051710.780121 -180772091.857927 2221452.926903 11.584889845485 17.509773649297 -0.153800419521 1448.574710 -0.003029909686 -0.002432467400 0.023320047646 -
58513.0000000000 161046982.674951 -179252897.927057 2208146.492714 11.453547744121 17.656689376831 -0.154218835557 1448.505280 -0.002954264882 -0.002341838491 0.023529199151 -
58514.0000000000 162030838.269918 -177721026.763214 2194804.460236 11.320621422975 17.803226363783 -0.154624457457 1448.435299 -0.002884189306 -0.002242907336 0.023744252784 -
58515.0000000000 163003140.095604 -176176511.526683 2181427.949214 11.186097129591 17.949374442574 -0.155016953503 1448.364746 -0.002806663312 -0.002164535712 0.023965713220 -
58516.0000000000 163963749.520261 -174619386.343559 2168018.109354 11.049961710622 18.095121422714 -0.155395961850 1448.293599 -0.002741658978 -0.002062704541 0.024193271854 -
58517.0000000000 164912526.716541 -173049686.293066 2154576.120829 10.912200643304 18.240457430238 -0.155761139057 1448.221837 -0.002670721844 -0.001977675429 0.024427573482 -
58518.0000000000 165849330.642175 -171467447.424955 2141103.195148 10.772800327269 18.385369871711 -0.156112103236 1448.149438 -0.002606286482 -0.001882863897 0.024668517735 -
58519.0000000000 166774019.040055 -169872706.822568 2127600.576554 10.631746241477 18.529847413468 -0.156448478521 1448.076379 -0.002545240600 -0.001785370308 0.024916389263 -
58520.0000000000 167686448.398736 -168265502.581179 2114069.542499 10.489023871394 18.673877963328 -0.156769872124 1448.002638 -0.002486867938 -0.001686791459 0.025171417626 -
58521.0000000000 168586473.946818 -166645873.859735 2100511.404955 10.344618565840 18.817448989917 -0.157075877644 1447.928190 -0.002427485352 -0.001594165967 0.025433900547 -
58522.0000000000 169473949.648777 -165013860.933225 2086927.511776 10.198515713953 18.960547188679 -0.157366071022 1447.853011 -0.002374622300 -0.001493238270 0.025703902699 -
58523.0000000000 170348728.179553 -163369505.205004 2073319.247610 10.050700076147 19.103159743033 -0.157640024478 1447.777076 -0.002318701276 -0.001401953159 0.025981859081 -
58524.0000000000 171210660.914325 -161712849.248058 2059688.035183 9.901156805050 19.245272393128 -0.157897284436 1447.700359 -0.002270169452 -0.001301222182 0.026267794258 -
58525.0000000000 172059597.910790 -160043936.834659 2046035.336466 9.749870250790 19.386871635823 -0.158137396050 1447.622834 -0.002225088885 -0.001198679605 0.026562041828 -
58526.0000000000 172895387.876927 -158362812.940323 2032362.653576 9.596824819781 19.527943119722 -0.158359884796 1447.544475 -0.002179128858 -0.001101748370 0.026864941296 -
58527.0000000000 173717878.176888 -156669523.817008 2018671.530496 9.442004998715 19.668471647146 -0.158564256146 1447.465253 -0.002140011704 -0.000997376211 0.027176608243 -
58528.0000000000 174526914.806893 -154964117.013904 2004963.554220 9.285394635829 19.808442385411 -0.158750008979 1447.385141 -0.002097097338 -0.000903331154 0.027497515687 -
58529.0000000000 175322342.387443 -153246641.425849 1991240.356244 9.126978037748 19.947839016054 -0.158916614277 1447.304109 -0.002064389221 -0.000796847060 0.027827685233 -
58530.0000000000 176104004.139422 -151517147.317667 1977503.613811 8.966738499443 20.086646143017 -0.159063542117 1447.222127 -0.002031021124 -0.000695733408 0.028167607552 -
58531.0000000000 176871741.860869 -149775686.349609 1963755.051198 8.804659789927 20.224846858810 -0.159190233711 1447.139165 -0.002001631811 -0.000592614040 0.028517496258 -
58532.0000000000 177625395.928004 -148022311.643508 1949996.441490 8.640725228007 20.362424235968 -0.159296117995 1447.055191 -0.001971266692 -0.000495054445 0.028877743943 -
58533.0000000000 178364805.281145 -146257077.823573 1936229.608103 8.474918256571 20.499360422664 -0.159380600995 1446.970174 -0.001947951626 -0.000391137161 0.029248529985 -
58534.0000000000 179089807.402013 -144480041.046544 1922456.426211 8.307221669322 20.635637793306 -0.159443078603 1446.884079 -0.001926684488 -0.000288532196 0.029630266629 -
58535.0000000000 179800238.291335 -142691259.033229 1908678.824217 8.137618390574 20.771237766045 -0.159482922738 1446.796874 -0.001908943212 -0.000185162597 0.030023264437 -
58536.0000000000 180495932.463505 -140890791.126555 1894898.785565 7.966091090530 20.906141371429 -0.159499487472 1446.708522 -0.001889418560 -0.000088376848 0.030427951921 -
58537.0000000000 181176722.942239 -139078698.349961 1881118.350577 7.792622593057 21.040328675840 -0.159492102051 1446.618989 -0.001879894553 0.000017836845 0.030844498472 -
58538.0000000000 181842441.229872 -137255043.431038 1867339.617931 7.617194857557 21.173780162592 -0.159460086438 1446.528238 -0.001868203639 0.000116835911 0.031273459453 -
58539.0000000000 182492917.294589 -135419890.850372 1853564.746455 7.439790412380 21.306474767332 -0.159402728335 1446.436230 -0.001859280768 0.000215374215 0.031715131077 -
58540.0000000000 183127979.575593 -133573306.915535 1839795.957242 7.260391336689 21.438391260612 -0.159319298731 1446.342927 -0.001854794146 0.000315411915 0.032169874397 -
58541.0000000000 183747454.952876 -131715359.788363 1826035.535257 7.078979459128 21.569507946487 -0.159209048118 1446.248290 -0.001860119441 0.000423264947 0.032638009710 -
58542.0000000000 184351168.716174 -129846119.514691 1812285.831000 6.895536140172 21.699802907292 -0.159071209005 1446.152276 -0.001855393168 0.000514520513 0.033120226448 -
58543.0000000000 184938944.589831 -127965658.123494 1798549.263009 6.710043784209 21.829252151928 -0.158904973958 1446.054845 -0.001857879418 0.000610525599 0.033616691133 -
58544.0000000000 185510604.727374 -126074049.688637 1784828.319956 6.522483626161 21.957832333316 -0.158709526940 1445.955953 -0.001865026403 0.000707790508 0.034127869355 -
58545.0000000000 186065969.661827 -124171370.338050 1771125.562161 6.332836920281 22.085519247954 -0.158484025541 1445.855556 -0.001879321429 0.000808902180 0.034654166278 -
58546.0000000000 186604858.294600 -122257698.312772 1757443.623705 6.141084644425 22.212288181912 -0.158227604695 1445.753607 -0.001887163560 0.000898505077 0.035196209802 -
58547.0000000000 187127087.913390 -120333114.058124 1743785.214961 5.947208467291 22.338112821080 -0.157939363490 1445.650061 -0.001906973430 0.000997157294 0.035754213555 -
58548.0000000000 187632474.169472 -118397700.270025 1730153.124616 5.751188841128 22.462967379415 -0.157618390041 1445.544868 -0.001925742779 0.001090271538 0.036328817069 -
58549.0000000000 188120831.054025 -116451541.940887 1716550.221714 5.553006886675 22.586824480254 -0.157263736166 1445.437981 -0.001938189910 0.001172721204 0.036920560050 -
58550.0000000000 188591970.936255 -114494726.473437 1702979.458526 5.352643938794 22.709655702775 -0.156874423490 1445.329349 -0.001971858601 0.001272952702 0.037529588193 -
58551.0000000000 189045704.497461 -112527343.685063 1689443.872137 5.150079592044 22.831433569680 -0.156449467136 1445.218918 -0.001989325036 0.001352401585 0.038156861607 -
58552.0000000000 189481840.748797 -110549485.900182 1675946.587103 4.945295592513 22.952127521799 -0.155987827195 1445.106637 -0.002026894709 0.001447733380 0.038802444722 -
58553.0000000000 189900187.027138 -108561248.023102 1662490.817889 4.738271439201 23.071708395237 -0.155488462433 1444.992448 -0.002055316221 0.001529738424 0.039467206029 -
58554.0000000000 190300548.970647 -106562727.588490 1649079.871048 4.528988312728 23.190144462520 -0.154950282387 1444.876297 -0.002086688398 0.001610582608 0.040151523208 -
58555.0000000000 190682730.557708 -104554024.876903 1635717.148204 4.317426613361 23.307403885227 -0.154372176889 1444.758127 -0.002125304695 0.001694015254 0.040855881884 -
58556.0000000000 191046534.060119 -102535242.947042 1622406.148022 4.103566438418 23.423454189382 -0.153753009804 1444.637877 -0.002158662198 0.001768549174 0.041580963976 -
58557.0000000000 191391760.060802 -100506487.730964 1609150.468949 3.887388598264 23.538261332294 -0.153091607490 1444.515488 -0.002208572111 0.001853679835 0.042327074935 -
58558.0000000000 191718207.427286 -98467868.090541 1595953.811479 3.668872576368 23.651791533132 -0.152386781522 1444.390895 -0.002245742400 0.001923427641 0.043095091718 -
58559.0000000000 192025673.329654 -96419495.913317 1582819.980889 3.447999598821 23.764008530151 -0.151637294734 1444.264036 -0.002292586556 0.001997530528 0.043885328020 -
58560.0000000000 192313953.258099 -94361486.209737 1569752.889992 3.224749555606 23.874876291854 -0.150841895148 1444.134846 -0.002337387874 0.002065835022 0.044698475057 -
58561.0000000000 192582840.996313 -92293957.171514 1556756.561376 2.999103056866 23.984357205181 -0.149999293637 1444.003257 -0.002394826321 0.002140319670 0.045534948402 -
58562.0000000000 192832128.616150 -90217030.252126 1543835.129897 2.771039869302 24.092413375339 -0.149108180675 1443.869198 -0.002444753857 0.002204574104 0.046395528041 -
58563.0000000000 193061606.495482 -88130830.265599 1530992.845362 2.540541016530 24.199004902521 -0.148167204813 1443.732602 -0.002493550572 0.002264114529 0.047280717487 -
58564.0000000000 193271063.358989 -86035485.504150 1518234.075434 2.307587209529 24.304091168598 -0.147174989513 1443.593397 -0.002557108673 0.002330877562 0.048190932966 -
58565.0000000000 193460286.227335 -83931127.784747 1505563.307554 2.072158295790 24.407631195912 -0.146130138672 1443.451506 -0.002606840988 0.002383263464 0.049127028074 -
58566.0000000000 193629060.458412 -81817892.568006 1492985.151751 1.834235941070 24.509581614055 -0.145031210780 1443.306858 -0.002668228051 0.002440379146 0.050089321369 -
58567.0000000000 193777169.765533 -79695919.060814 1480504.343167 1.593800414208 24.609899069778 -0.143876751272 1443.159374 -0.002731234931 0.002494568426 0.051078476484 -
58568.0000000000 193904396.189510 -77565350.285203 1468125.744062 1.350832734848 24.708538598225 -0.142665272238 1443.008975 -0.002801311454 0.002549564577 0.052095000848 -
58569.0000000000 194010520.124476 -75426333.189321 1455854.346274 1.105313769721 24.805454277429 -0.141395262145 1442.855579 -0.002856710575 0.002590686969 0.053139644131 -
58570.0000000000 194095320.376070 -73279018.778945 1443695.273872 0.857225885739 24.900598098021 -0.140065171737 1442.699109 -0.002920385328 0.002633702513 0.054212732220 -
58571.0000000000 194158574.176553 -71123562.220290 1431653.785298 0.606550299500 24.993921758290 -0.138673439819 1442.539480 -0.002993145734 0.002678628709 0.055314788074 -
58572.0000000000 194200057.143852 -68960122.907224 1419735.274891 0.353268430323 25.085375692844 -0.137218481899 1442.376605 -0.003055920611 0.002713376344 0.056446492167 -
58573.0000000000 194219543.351762 -66788864.603017 1407945.275290 0.097363119994 25.174908318652 -0.135698681211 1442.210400 -0.003129122574 0.002750813338 0.057608157462 -
58574.0000000000 194216805.351980 -64609955.551342 1396289.459247 -0.161183701762 25.262467500876 -0.134112411212 1442.040775 -0.003194220949 0.002779590510 0.058800417804 -
58575.0000000000 194191614.197458 -62423568.587886 1384773.641282 -0.422388652423 25.347999072870 -0.132458016870 1441.867644 -0.003272503803 0.002812324811 0.060023540380 -
58576.0000000000 194143739.466309 -60229881.255138 1373403.779173 -0.686269248539 25.431448242492 -0.130733837158 1441.690913 -0.003335954365 0.002832866474 0.061278183580 -
58577.0000000000 194072949.313271 -58029075.932189 1362185.975463 -0.952840915905 25.512757838641 -0.128938182181 1441.510494 -0.003416643217 0.002859338802 0.062564472275 -
58578.0000000000 193979010.496402 -55821339.952829 1351126.478547 -1.222120552988 25.591870335193 -0.127069365726 1441.326290 -0.003487029928 0.002876426957 0.063882992963 -
58579.0000000000 193861688.405851 -53606865.724101 1340231.683522 -1.494122919130 25.668725816957 -0.125125678210 1441.138211 -0.003559871033 0.002891280275 0.065233961539 -
58580.0000000000 193720747.146114 -51385850.875846 1329508.133221 -1.768863008435 25.743263295943 -0.123105409544 1440.946160 -0.003638326124 0.002905313264 0.066617634740 -
58581.0000000000 193555949.542452 -49158498.369543 1318962.518332 -2.046355431346 25.815420337561 -0.121006847353 1440.750041 -0.003705478251 0.002910206033 0.068034380643 -
58582.0000000000 193367057.227993 -46925016.649816 1308601.677855 -2.326613165222 25.885132446770 -0.118828271008 1440.549761 -0.003785387986 0.002917754581 0.069484198118 -
58583.0000000000 193153830.680734 -44685619.771640 1298432.598826 -2.609649963825 25.952334244366 -0.116567974502 1440.345218 -0.003861707970 0.002919934379 0.070967348215 -
58584.0000000000 192916029.263279 -42440527.529373 1288462.415699 -2.895477884059 26.016958248527 -0.114224251498 1440.136318 -0.003938701653 0.002918874248 0.072483873553 -
58585.0000000000 192653411.318304 -40189965.613396 1278698.409776 -3.184108469506 26.078935454141 -0.111795409237 1439.922963 -0.004005473782 0.002909971181 0.074033868363 -
58586.0000000000 192365734.254557 -37934165.760440 1269148.008132 -3.475551785872 26.138194899644 -0.109279766282 1439.705056 -0.004087539397 0.002904140231 0.075617091338 -
58587.0000000000 192052754.582641 -35673365.883651 1259818.781725 -3.769818548105 26.194664569346 -0.106675673532 1439.482497 -0.004159018411 0.002890416302 0.077233609716 -
58588.0000000000 191714227.994728 -33407810.221608 1250718.443368 -4.066916976047 26.248270052125 -0.103981496617 1439.255191 -0.004235629020 0.002875372635 0.078883109271 -
58589.0000000000 191349909.475005 -31137749.501027 1241854.845423 -4.366855227659 26.298935566211 -0.101195639748 1439.023042 -0.004307402429 0.002855077354 0.080565382320 -
58590.0000000000 190959553.374456 -28863441.083593 1233235.976702 -4.669639791215 26.346583301656 -0.098316540318 1438.785952 -0.004380191062 0.002831859665 0.082280022707 -
58591.0000000000 190542913.517053 -26585149.126100 1224869.959043 -4.975276366021 26.391133770033 -0.095342681846 1438.543829 -0.004460147450 0.002807726374 0.084026535182 -
58592.0000000000 190099743.270228 -24303144.727390 1216765.043044 -5.283769808603 26.432505759988 -0.092272600405 1438.296576 -0.004522065491 0.002774166795 0.085804546292 -
58593.0000000000 189629795.702283 -22017706.105563 1208929.603792 -5.595122173826 26.470615681406 -0.089104878420 1438.044106 -0.004597941585 0.002742033751 0.087613191128 -
58594.0000000000 189132823.679398 -19729118.754244 1201372.135534 -5.909336072273 26.505378705743 -0.085838175348 1437.786325 -0.004674618695 0.002706645524 0.089451814447 -
58595.0000000000 188608579.938294 -17437675.590833 1194101.245513 -6.226411876205 26.536707811515 -0.082471216278 1437.523146 -0.004738954588 0.002664295679 0.091319650859 -
58596.0000000000 188056817.283264 -15143677.144314 1187125.647960 -6.546347634551 26.564513822934 -0.079002799794 1437.254485 -0.004805290350 0.002619455587 0.093215642110 -
58597.0000000000 187477288.719384 -12847431.720947 1180454.156924 -6.869140635582 26.588705883382 -0.075431816861 1436.980259 -0.004869767467 0.002570968341 0.095138739718 -
58598.0000000000 186869747.569452 -10549255.564816 1174095.678263 -7.194786220633 26.609191101132 -0.071757251563 1436.700390 -0.004939883229 0.002520741293 0.097087705770 -
58599.0000000000 186233947.616834 -8249473.026312 1168059.201047 -7.523278370656 26.625874719734 -0.067978193859 1436.414800 -0.005000823585 0.002465066893 0.099061328830 -
58600.0000000000 185569643.285265 -5948416.738349 1162353.788417 -7.854608264416 26.638659768868 -0.064093839404 1436.123418 -0.005071632130 0.002408523212 0.101058060007 -
58601.0000000000 184876589.797442 -3646427.786518 1156988.567514 -8.188766210948 26.647447553867 -0.060103511290 1435.826175 -0.005126442192 0.002345305779 0.103076515760 -
58602.0000000000 184154543.371519 -1343855.885326 1151972.718834 -8.525738839960 26.652137025162 -0.056006651600 1435.523009 -0.005184579927 0.002279886423 0.105114903407 -
58603.0000000000 183403261.426346 958940.444901 1147315.464819 -8.865511708830 26.652625393755 -0.051802847542 1435.213861 -0.005242973210 0.002211462384 0.107171451000 -
58604.0000000000 182622502.737312 3261593.714025 1143026.057304 -9.208067839159 26.648807814511 -0.047491831772 1434.898679 -0.005298639852 0.002139520343 0.109244263948 -
58605.0000000000 181812027.660364 5563727.285356 1139113.764563 -9.553387602031 26.640577407876 -0.043073491372 1434.577414 -0.005348686345 0.002063729174 0.111331326296 -
58606.0000000000 180971598.366121 7864955.200683 1135587.857579 -9.901448599015 26.627825279202 -0.038547876785 1434.250024 -0.005401682440 0.001985495502 0.113430433762 -
58607.0000000000 180100979.054847 10164882.011209 1132457.595370 -10.252226224278 26.610440636140 -0.033915214813 1433.916475 -0.005454958687 0.001904289430 0.115539335849 -
58608.0000000000 179199936.182100 12463102.609269 1129732.209558 -10.605692855351 26.588310689447 -0.029175913085 1433.576737 -0.005494529010 0.001818529095 0.117655737800 -
58609.0000000000 178268238.754715 14759202.053990 1127420.888558 -10.961817034236 26.561320612014 -0.024330564424 1433.230790 -0.005540654904 0.001730825710 0.119777030738 -
58610.0000000000 177305658.579088 17052755.407303 1125532.760684 -11.320565390521 26.529353819519 -0.019379967495 1432.878618 -0.005579527510 0.001639602816 0.121900709079 -
58611.0000000000 176311970.521337 19343327.572635 1124076.876559 -11.681900443139 26.492291751779 -0.014325122307 1432.520215 -0.005620221028 0.001545855474 0.124024034116 -
58612.0000000000 175286952.809280 21630473.132564 1123062.191036 -12.045781830971 26.450014067759 -0.009167246003 1432.155582 -0.005660492417 0.001449301310 0.126144245944 -
58613.0000000000 174230387.317315 23913736.193602 1122497.544309 -12.412165477787 26.402398615211 -0.003907775869 1431.784726 -0.005686746215 0.001349336015 0.128258570486 -
58614.0000000000 173142059.923744 26192650.231126 1122391.642780 -12.781002750318 26.349321464991 0.001451628082 1431.407668 -0.005719741968 0.001247254659 0.130363958094 -
58615.0000000000 172021760.821860 28466737.943412 1122753.039022 -13.152242370880 26.290657087057 0.006909064779 1431.024431 -0.005746044240 0.001142398488 0.132457498299 -
58616.0000000000 170869284.844610 30735511.111150 1123590.111245 -13.525828190059 26.226278301952 0.012462398811 1430.635052 -0.005775166508 0.001035137994 0.134536092914 -
58617.0000000000 169684431.832878 32998470.460933 1124911.042484 -13.901700404773 26.156056420868 0.018109247443 1430.239573 -0.005720827608 0.000913744341 0.134875636061 -
58618.0000000000 168467007.208502 35255105.506951 1126719.307106 -14.279789600128 26.079860601612 0.023742988208 1429.843108 -0.005655267047 0.000792820750 0.134879165885 -
58619.0000000000 167216822.398664 37504894.437774 1129012.823406 -14.660026149647 25.997559536195 0.029341640431 1429.446642 -0.005591596970 0.000674826067 0.134882462363 -
58620.0000000000 165933695.015918 39747304.048977 1131788.484751 -15.042336470489 25.909020824655 0.034903461790 1429.050176 -0.005528387408 0.000559602119 0.134885595147 -
58621.0000000000 164617449.245625 41981789.646965 1135043.032438 -15.426641967359 25.814110934338 0.040426674438 1428.653711 -0.005464402508 0.000447099801 0.134888622230 -
58622.0000000000 163267916.286273 44207794.956857 1138773.052593 -15.812858864636 25.712695334976 0.045909464341 1428.257245 -0.005416214099 0.000335953191 0.134890888352 -
58623.0000000000 161884934.758323 46424752.038823 1142974.971187 -16.200899102895 25.604638559212 0.051349938253 1427.860779 -0.005350205217 0.000228423520 0.134893747545 -
58624.0000000000 160468351.213321 48632081.223089 1147645.052452 -16.590667121164 25.489804574404 0.056746245508 1427.464314 -0.005293759991 0.000122409344 0.134896112328 -
58625.0000000000 159018020.630481 50829191.056744 1152779.396192 -16.982063365269 25.368056684022 0.062096430648 1427.067848 -0.005242239902 0.000017903667 0.134898178640 -
58626.0000000000 157533806.853227 53015478.259468 1158373.932104 -17.374982169111 25.239257832902 0.067398511529 1426.671382 -0.005187603726 -0.000084293815 0.134900265612 -
58627.0000000000 156015583.133991 55190327.702871 1164424.417816 -17.769311367750 25.103270848550 0.072650487383 1426.274917 -0.005133808521 -0.000184674908 0.134902223500 -
58628.0000000000 154463232.672073 57353112.405805 1170926.436086 -18.164932844870 24.959958569842 0.077850311154 1425.878451 -0.005081366754 -0.000283419771 0.134904037690 -
58629.0000000000 152876649.144490 59503193.545640 1177875.391193 -18.561722147941 24.809184087655 0.082995898557 1425.481985 -0.005030035850 -0.000380599377 0.134905722204 -
58630.0000000000 151255737.262897 61639920.490447 1185266.505832 -18.959548269528 24.650810988616 0.088085130829 1425.085520 -0.004974691361 -0.000475317861 0.134907473917 -
58631.0000000000 149600413.360041 63762630.855181 1193094.818673 -19.358273182596 24.484703666692 0.093115867018 1424.689054 -0.004926619821 -0.000569780604 0.134908872085 -
58632.0000000000 147910605.960372 65870650.574821 1201355.180879 -19.757752672165 24.310727404378 0.098085907898 1424.292588 -0.004873397791 -0.000661598101 0.134910386116 -
58633.0000000000 146186256.383615 67963294.005404 1210042.253467 -20.157834740694 24.128748937089 0.102993051500 1423.896123 -0.004825179747 -0.000752985013 0.134911640172 -
58634.0000000000 144427319.364544 70039864.050444 1219150.504937 -20.558360827976 23.938636476654 0.107835043595 1423.499657 -0.004775525639 -0.000842581402 0.134912877115 -
58635.0000000000 142633763.669627 72099652.311562 1228674.208453 -20.959164663848 23.740260248037 0.112609617180 1423.103191 -0.004724763376 -0.000930437546 0.134914087096 -
58636.0000000000 140805572.751150 74141939.273164 1238607.440176 -21.360072548081 23.533492741086 0.117314479308 1422.706726 -0.004673040349 -0.001016571126 0.134915267027 -
58637.0000000000 138942745.394890 76165994.513419 1248944.077136 -21.760903220197 23.318209067305 0.121947313895 1422.310260 -0.004626333544 -0.001102771130 0.134916199671 -
58638.0000000000 137045296.362708 78171076.942077 1259677.794787 -22.161468107283 23.094287224549 0.126505771327 1421.913794 -0.004576680459 -0.001186783357 0.134917180304 -
58639.0000000000 135113257.065006 80156435.077168 1270802.065575 -22.561570385326 22.861608732343 0.130987502457 1421.517329 -0.004525015684 -0.001268797516 0.134918176633 -
58640.0000000000 133146676.253690 82121307.360331 1282310.158251 -22.961005443373 22.620058890581 0.135390141826 1421.120863 -0.004476915100 -0.001350697351 0.134918986239 -
58641.0000000000 131145620.685429 84064922.497183 1294195.136160 -23.359561107212 22.369527100650 0.139711300687 1420.724397 -0.004426283113 -0.001430446028 0.134919834872 -
58642.0000000000 129110175.807617 85986499.840910 1306449.856506 -23.757016890566 22.109907544474 0.143948596673 1420.327932 -0.004376263735 -0.001509147680 0.134920609208 -
58643.0000000000 127040446.453219 87885249.816676 1319066.970182 -24.153144538383 21.841099450424 0.148099637084 1419.931466 -0.004326769371 -0.001586823144 0.134921314325 -
58644.0000000000 124936557.520463 89760374.380776 1332038.921367 -24.547707834697 21.563007631422 0.152162030271 1419.535000 -0.004277852463 -0.001663546463 0.134921949999 -
58645.0000000000 122798654.659239 91611067.523928 1345357.947791 -24.940462639969 21.275542968532 0.156133389777 1419.138535 -0.004227719944 -0.001738584526 0.134922584129 -
58646.0000000000 120626904.958356 93436515.819211 1359016.081567 -25.331156833840 20.978622960507 0.160011343224 1418.742069 -0.004177175120 -0.001812259071 0.134923188982 -
58647.0000000000 118421497.624880 95235899.013125 1373005.150374 -25.719530556366 20.672172172441 0.163793531522 1418.345603 -0.004125103037 -0.001884035770 0.134923807885 -
58648.0000000000 116182644.653208 97008390.660939 1387316.779015 -26.105316204350 20.356122811796 0.167477618508 1417.949138 -0.004074636956 -0.001955399125 0.134924326005 -
58649.0000000000 113910581.476886 98753158.804655 1401942.391221 -26.488238835015 20.030415138812 0.171061286893 1417.552672 -0.004024207726 -0.002025655406 0.134924803029 -
58650.0000000000 111605567.607665 100469366.697827 1416873.211997 -26.868016057901 19.694998140317 0.174542254764 1417.156206 -0.003971965503 -0.002093837217 0.134925310212 -
58651.0000000000 109267887.270760 102156173.583858 1432100.270969 -27.244358231080 19.349830093418 0.177918282421 1416.759741 -0.003919693198 -0.002160842339 0.134925782435 -
58652.0000000000 106897850.011279 103812735.517537 1447614.405945 -27.616968932722 18.994879002467 0.181187170464 1416.363275 -0.003867468394 -0.002226731291 0.134926218193 -
58653.0000000000 104495791.272314 105438206.231523 1463406.266852 -27.985545145532 18.630123202024 0.184346770306 1415.966809 -0.003814175793 -0.002290858606 0.134926661672 -
58654.0000000000 102062072.954064 107031738.054538 1479466.320543 -28.349777511879 18.255551950617 0.187394993846 1415.570344 -0.003760472725 -0.002353577886 0.134927089630 -
58655.0000000000 99597083.941330 108592482.876228 1495784.856148 -28.709350810645 17.871165916471 0.190329816445 1415.173878 -0.003707008007 -0.002415292985 0.134927478489 -
58656.0000000000 97101240.592719 110119593.156198 1512351.990871 -29.063944367294 17.476977714066 0.193149284204 1414.777412 -0.003653184873 -0.002475639531 0.134927852755 -
58657.0000000000 94574987.195823 111612222.981154 1529157.676550 -29.413232431086 17.073012480504 0.195851524372 1414.380947 -0.003598679996 -0.002534385522 0.134928226818 -
58658.0000000000 92018796.383955 113069529.168907 1546191.706969 -29.756884688270 16.659308383426 0.198434752349 1413.984481 -0.003543359806 -0.002591401167 0.134928607942 -
58659.0000000000 89433169.506869 114490672.415634 1563443.725794 -30.094566813847 16.235917113731 0.200897279005 1413.588015 -0.003488344275 -0.002647461808 0.134928953158 -
58660.0000000000 86818636.949110 115874818.482723 1580903.235021 -30.425941132143 15.802904308533 0.203237515442 1413.191550 -0.003432385499 -0.002701654026 0.134929314070 -
58661.0000000000 84175758.398964 117221139.425974 1598559.604229 -30.750667099605 15.360350108127 0.205453986675 1412.795084 -0.003375631526 -0.002754031819 0.134929686950 -
58662.0000000000 81505123.063908 118528814.864721 1616402.080619 -31.068402060604 14.908349522296 0.207545336165 1412.398618 -0.003319273656 -0.002805507404 0.134930024645 -
58663.0000000000 78807349.819838 119797033.281510 1634419.799474 -31.378802023924 14.447012770839 0.209510331060 1412.002153 -0.003262232256 -0.002855215035 0.134930373111 -
58664.0000000000 76083087.300207 121024993.356628 1652601.795430 -31.681522277411 13.976465748950 0.211347875723 1411.605687 -0.003204623661 -0.002903204860 0.134930729594 -
58665.0000000000 73333013.921180 122211905.334002 1670937.014537 -31.976218253901 13.496850287432 0.213057016480 1411.209221 -0.003146499263 -0.002949478292 0.134931093971 -
58666.0000000000 70557837.833679 123356992.410242 1689414.326861 -32.262546357269 13.008324427478 0.214636949346 1410.812756 -0.003087830899 -0.002993965477 0.134931469536 -
58667.0000000000 67758296.802582 124459492.145421 1708022.539745 -32.540164822368 12.511062648448 0.216087027603 1410.416290 -0.003029422202 -0.003037384334 0.134931823146 -
58668.0000000000 64935158.007797 125518657.889030 1726750.411610 -32.808734662739 12.005255990790 0.217406766676 1410.019824 -0.002969984623 -0.003078485440 0.134932213051 -
58669.0000000000 62089217.769941 126533760.221461 1745586.666502 -33.067920467883 11.491112291826 0.218595856522 1409.623359 -0.002910480636 -0.003118145685 0.134932598989 -
58670.0000000000 59221301.194525 127504088.402480 1764520.009193 -33.317391491576 10.968856111399 0.219654162040 1409.226893 -0.002850635618 -0.003156061436 0.134932995049 -
58671.0000000000 56332261.730408 128428951.819354 1783539.140699 -33.556822547406 10.438728797470 0.220581732410 1408.830427 -0.002789828972 -0.003191511098 0.134933432148 -
58672.0000000000 53422980.647778 129307681.435805 1802632.774494 -33.785894975311 9.900988439497 0.221378807683 1408.433962 -0.002729872815 -0.003226415257 0.134933828372 -
58673.0000000000 50494366.424721 130139631.225917 1821789.652923 -34.004297790157 9.355909565972 0.222045816880 1408.037496 -0.002668901127 -0.003258682580 0.134934272721 -
58674.0000000000 47547354.050430 130924179.596497 1840998.564175 -34.211728461937 8.803783179703 0.222583392929 1407.641030 -0.002608125307 -0.003289631280 0.134934710169 -
58675.0000000000 44582904.243020 131660730.789732 1860248.359692 -34.407894111277 8.244916265808 0.222992367657 1407.244565 -0.002546727555 -0.003318244188 0.134935182344 -
58676.0000000000 41602002.577759 132348716.255391 1879527.971752 -34.592512386815 7.679631578782 0.223273780871 1406.848099 -0.002485860367 -0.003345895911 0.134935634577 -
58677.0000000000 38605658.529303 132987595.988900 1898826.431290 -34.765312577255 7.108267065292 0.223428876890 1406.451634 -0.002424640012 -0.003371448868 0.134936112488 -
58678.0000000000 35594904.429173 133576859.829338 1918132.885916 -34.926036460468 6.531175513689 0.223459112383 1406.055168 -0.002362949444 -0.003394657540 0.134936625014 -
58679.0000000000 32570794.343383 134116028.714925 1937436.618207 -35.074439301435 5.948723920583 0.223366155006 1405.658702 -0.002301597736 -0.003416564194 0.134937132536 -
58680.0000000000 29534402.864666 134604655.879568 1956727.063815 -35.210290830486 5.361292760040 0.223151880485 1405.262237 -0.002240064128 -0.003436403044 0.134937664300 -
58681.0000000000 26486823.827661 135042327.991380 1975993.829604 -35.333376047008 4.769275371612 0.222818376062 1404.865771 -0.002178695922 -0.003454622672 0.134938203880 -
58682.0000000000 23429168.950607 135428666.227296 1995226.711734 -35.443496116076 4.173077093472 0.222367936034 1404.469305 -0.002116868625 -0.003470200616 0.134938788252 -
58683.0000000000 20362566.406500 135763327.277044 2014415.713590 -35.540469103704 3.573114494351 0.221803062503 1404.072840 -0.002055687024 -0.003484803355 0.134939357848 -
58684.0000000000 17288159.325833 136046004.266954 2033551.063339 -35.624130824083 2.969814286761 0.221126456000 1403.676374 -0.001994468260 -0.003497308416 0.134939953054 -
58685.0000000000 14207104.238040 136276427.601854 2052623.231162 -35.694335410683 2.363612518406 0.220341017326 1403.279908 -0.001933499389 -0.003508134014 0.134940559417 -
58686.0000000000 11120569.459029 136454365.723230 2071622.946189 -35.750955991951 1.754953443127 0.219449838969 1402.883443 -0.001872903941 -0.003517466338 0.134941171113 -
58687.0000000000 8029733.426337 136579625.772388 2090541.212828 -35.793885227356 1.144288451989 0.218456199564 1402.486977 -0.001812330231 -0.003524613530 0.134941811751 -
58688.0000000000 4935782.991991 136652054.161080 2109369.326637 -35.823035749919 0.532075000948 0.217363558792 1402.090511 -0.001752166117 -0.003530241726 0.134942459246 -
58689.0000000000 1839911.677234 136671537.041875 2128098.889515 -35.838340605415 -0.081224636267 0.216175546830 1401.694046 -0.001692042091 -0.003533562447 0.134943139618 -
58690.0000000000 -1256682.103196 136638000.676901 2146721.824195 -35.839753517919 -0.695144472562 0.214895958794 1401.297580 -0.001632812347 -0.003536295464 0.134943797702 -
58691.0000000000 -4352796.841408 136551411.699541 2165230.387888 -35.827249193386 -1.309216179801 0.213528740485 1400.901114 -0.001573586753 -0.003536535450 0.134944495041 -
58692.0000000000 -7447229.751300 136411777.273126 2183617.185189 -35.800823354188 -1.922970099613 0.212077985637 1400.504649 -0.001514751752 -0.003535034470 0.134945207616 -
58693.0000000000 -10538778.590781 136219145.145106 2201875.180173 -35.760492872538 -2.535936650719 0.210547920067 1400.108183 -0.001456761646 -0.003532856416 0.134945903128 -
58694.0000000000 -13626243.488496 135973603.585751 2219997.707311 -35.706295741492 -3.147647593572 0.208942890010 1399.711717 -0.001398865314 -0.003528161743 0.134946638530 -
58695.0000000000 -16708428.760853 135675281.226336 2237978.481611 -35.638290879512 -3.757637090914 0.207267355971 1399.315252 -0.001341473886 -0.003521887488 0.134947385141 -
58696.0000000000 -19784144.714713 135324346.791070 2255811.607742 -35.556557994193 -4.365443105779 0.205525875348 1398.918786 -0.001284955158 -0.003515044537 0.134948113555 -
58697.0000000000 -22852209.431390 134921008.716265 2273491.587870 -35.461197286188 -4.970608612495 0.203723089925 1398.522320 -0.001228700678 -0.003505940634 0.134948874300 -
58698.0000000000 -25911450.518962 134465514.673417 2291013.328611 -35.352329012298 -5.572682608759 0.201863718066 1398.125855 -0.001173308070 -0.003496309289 0.134949617152 -
58699.0000000000 -28960706.829176 133958150.989919 2308372.146820 -35.230093103091 -6.171221472066 0.199952535529 1397.729389 -0.001118347460 -0.003484864603 0.134950379835 -
58700.0000000000 -31998830.131998 133399241.971485 2325563.774223 -35.094648565743 -6.765789877384 0.197994367816 1397.332923 -0.001063833592 -0.003471577444 0.134951163048 -
58701.0000000000 -35024686.739331 132789149.135858 2342584.361045 -34.946172905168 -7.355961932317 0.195994074741 1396.936458 -0.001010103240 -0.003457620374 0.134951934231 -
58702.0000000000 -38037159.075426 132128270.350790 2359430.478321 -34.784861469538 -7.941322256732 0.193956535250 1396.539992 -0.000956927274 -0.003442222055 0.134952715414 -
58703.0000000000 -41035147.185595 131417038.889596 2376099.119127 -34.610926677880 -8.521466810580 0.191886637783 1396.143526 -0.000904397896 -0.003425764256 0.134953496449 -
58704.0000000000 -44017570.178054 130655922.409542 2392587.698766 -34.424597245046 -9.096003851430 0.189789265437 1395.747061 -0.000852465755 -0.003408096799 0.134954281808 -
58705.0000000000 -46983367.595279 129845421.854821 2408894.053789 -34.226117326344 -9.664554722069 0.187669284268 1395.350595 -0.000800969212 -0.003388470087 0.134955091489 -
58706.0000000000 -49931500.709519 128986070.294624 2425016.440040 -34.015745618377 -10.226754564871 0.185531531969 1394.954129 -0.000750330357 -0.003368996763 0.134955870066 -
58707.0000000000 -52860953.740749 128078431.693304 2440953.529481 -33.793754463651 -10.782253178888 0.183380801288 1394.557664 -0.000700237791 -0.003348303564 0.134956654265 -
58708.0000000000 -55770734.992260 127123099.626642 2456704.406057 -33.560428840662 -11.330715410179 0.181221834253 1394.161198 -0.000650638309 -0.003326118236 0.134957451099 -
58709.0000000000 -58659877.900455 126120695.955351 2472268.560756 -33.316065388936 -11.871821751043 0.179059309347 1393.764732 -0.000601651896 -0.003303274763 0.134958239433 -
58710.0000000000 -61527441.999276 125071869.450068 2487645.885589 -33.060971408801 -12.405268863841 0.176897829303 1393.368267 -0.000553229963 -0.003279687146 0.134959021887 -
58711.0000000000 -64372513.796658 123977294.379792 2502836.666675 -32.795463826325 -12.930769903288 0.174741912697 1392.971801 -0.000505339050 -0.003255363649 0.134959798607 -
58712.0000000000 -67194207.561678 122837669.073024 2517841.576562 -32.519868162218 -13.448054826062 0.172595984534 1392.575335 -0.000457843710 -0.003229285816 0.134960594591 -
58713.0000000000 -69991666.022210 121653714.458400 2532661.665828 -32.234517492102 -13.956870556306 0.170464369155 1392.178870 -0.000410870304 -0.003202856943 0.134961375560 -
58714.0000000000 -72764060.973861 120426172.584944 2547298.353878 -31.939751433798 -14.456981292075 0.168351278611 1391.782404 -0.000364384810 -0.003176374775 0.134962134938 -
58715.0000000000 -75510593.800679 119155805.128377 2561753.418998 -31.635915118332 -14.948168521994 0.166260807099 1391.385938 -0.000318199391 -0.003147693809 0.134962923697 -
58716.0000000000 -78230495.907585 117843391.902565 2576028.988035 -31.323358176460 -15.430230890167 0.164196927961 1390.989473 -0.000272462139 -0.003119842096 0.134963670481 -
58717.0000000000 -80923029.067380 116489729.365071 2590127.525371 -31.002433775569 -15.902984468277 0.162163480206 1390.593007 -0.000226978907 -0.003089773470 0.134964446357 -
58718.0000000000 -83587485.683748 115095629.132091 2604051.821468 -30.673497638802 -16.366262266655 0.160164172187 1390.196541 -0.000181797644 -0.003059638805 0.134965201293 -
58719.0000000000 -86223188.972279 113661916.507979 2617804.981055 -30.336907128921 -16.819914386267 0.158202569592 1389.800076 -0.000136841882 -0.003029388884 0.134965936730 -
58720.0000000000 -88829493.062709 112189429.023906 2631390.410775 -29.993020341381 -17.263807655847 0.156282094865 1389.403610 -0.000092054056 -0.002997509827 0.134966686486 -
58721.0000000000 -91405783.024687 110679015.008160 2644811.806753 -29.642195241487 -17.697825263060 0.154406026096 1389.007144 -0.000047401810 -0.002964541658 0.134967437724 -
58722.0000000000 -93951474.820627 109131532.180938 2658073.141891 -29.284788839913 -18.121866556931 0.152577491675 1388.610679 -0.000002799277 -0.002931492224 0.134968167897 -
58723.0000000000 -96466015.188846 107547846.272376 2671178.652820 -28.921156403560 -18.535846708437 0.150799467862 1388.214213 0.000041822721 -0.002897897017 0.134968886947 -
58724.0000000000 -98948881.460506 105928829.676829 2684132.826793 -28.551650712904 -18.939696211220 0.149074779605 1387.817747 0.000086411174 -0.002861720640 0.134969637653 -
58725.0000000000 -101399581.314554 104275360.152110 2696940.388661 -28.176621369564 -19.333360341090 0.147406101964 1387.421282 0.000131098153 -0.002824540126 0.134970384849 -
58726.0000000000 -103817652.473943 102588319.552841 2709606.287717 -27.796414129504 -19.716798907434 0.145795955196 1387.024816 0.000176264943 -0.002789558753 0.134971060945 -
58727.0000000000 -106202662.346014 100868592.591796 2722135.684240 -27.411370277632 -20.089985854567 0.144246703190 1386.628350 0.000221622040 -0.002751768741 0.134971769835 -
58728.0000000000 -108554207.613309 99117065.663173 2734533.936489 -27.021826105465 -20.452908227570 0.142760565099 1386.231885 0.000267359748 -0.002712318864 0.134972485511 -
58729.0000000000 -110871913.778132 97334625.717389 2746806.587905 -26.628112363062 -20.805566014242 0.141339608663 1385.835419 0.000313593774 -0.002671034321 0.134973209322 -
58730.0000000000 -113155434.663223 95522159.170342 2758959.354180 -26.230553791057 -21.147971506216 0.139985753747 1385.438953 0.000354530579 -0.002584014742 0.132452792018 -
58731.0000000000 -115404451.889675 93680550.982631 2770991.317282 -25.829469061576 -21.480146003658 0.138543511620 1385.049893 0.000274102336 -0.001740879399 0.091245500288 -
58732.0000000000 -117618674.632917 91810685.702438 2782790.639551 -25.425177273844 -21.802077655077 0.134600677531 1384.781875 0.000286064376 -0.001716762224 0.090553473585 -
58733.0000000000 -119797838.755559 89913444.195105 2794250.508065 -25.017977033027 -22.113863473316 0.130686153008 1384.515890 0.000292294860 -0.001683012177 0.089871184044 -
58734.0000000000 -121941705.863954 87989700.739717 2805373.487658 -24.608165608963 -22.415558802291 0.126802664897 1384.251910 0.000298821658 -0.001655324479 0.089196208927 -
58735.0000000000 -124050062.900934 86040324.379964 2816162.365759 -24.196032184768 -22.707229391121 0.122952639499 1383.989913 0.000304842449 -0.001628096739 0.088528511860 -
58736.0000000000 -126122721.455814 84066178.107545 2826620.132978 -23.781858064574 -22.988949487170 0.119138354241 1383.729879 0.000309238057 -0.001596202161 0.087868051890 -
58737.0000000000 -128159517.076427 82068118.151408 2836749.970362 -23.365916512382 -23.260801293418 0.115361940518 1383.471785 0.000312352548 -0.001562026931 0.087214683336 -
58738.0000000000 -130160308.563982 80046993.294561 2846555.236640 -22.948472515517 -23.522874873466 0.111625380527 1383.215612 0.000316560638 -0.001535632300 0.086568151211 -
58739.0000000000 -132124977.247431 78003644.198204 2856039.455191 -22.529782546296 -23.775268077101 0.107930504049 1382.961339 0.000319534888 -0.001506501381 0.085928487513 -
58740.0000000000 -134053426.256795 75938902.808045 2865206.301816 -22.110094776017 -24.018084712729 0.104279010175 1382.708945 0.000324143086 -0.001485866386 0.085295419657 -
58741.0000000000 -135945579.789579 73853591.803738 2874059.592789 -21.689648700835 -24.251435376892 0.100672452253 1382.458411 0.000324103870 -0.001449938205 0.084669169757 -
58742.0000000000 -137801382.384818 71748524.129269 2882603.273781 -21.268675691930 -24.475434751180 0.097112272906 1382.209718 0.000328569840 -0.001432405507 0.084049145858 -
58743.0000000000 -139620798.179431 69624502.506510 2890841.408276 -20.847398035766 -24.690204695262 0.093599757390 1381.962846 0.000327092862 -0.001396125590 0.083435763139 -
58744.0000000000 -141403810.177304 67482319.027253 2898778.166882 -20.426030187918 -24.895869337078 0.090136100841 1381.717777 0.000332120830 -0.001383176905 0.082828306642 -
58745.0000000000 -143150419.512930 65322754.763512 2906417.816676 -20.004777393040 -25.092559560116 0.086722342009 1381.474492 0.000330431889 -0.001350046381 0.082227289256 -
58746.0000000000 -144860644.727863 63146579.434489 2913764.711204 -19.583837361310 -25.280407204311 0.083359444429 1381.232974 0.000330876194 -0.001325525292 0.081632186418 -
58747.0000000000 -146534521.063899 60954551.147295 2920823.281368 -19.163398978731 -25.459549158301 0.080048235987 1380.993205 0.000331547333 -0.001302930602 0.081042983275 -
58748.0000000000 -148172099.734237 58747416.074429 2927598.025277 -18.743643086886 -25.630124730625 0.076789445225 1380.755166 0.000330207929 -0.001275992124 0.080459663649 -
58749.0000000000 -149773447.234524 56525908.260661 2934093.499849 -18.324742626074 -25.792275283640 0.073583705678 1380.518842 0.000332683736 -0.001260644611 0.079881886369 -
58750.0000000000 -151338644.644161 54290749.401783 2940314.311915 -17.906862266690 -25.946145250342 0.070431539917 1380.284215 0.000331721899 -0.001236933748 0.079309839126 -
58751.0000000000 -152867786.953456 52042648.691760 2946265.110249 -17.490159375555 -26.091879534461 0.067333396987 1380.051269 0.000327786154 -0.001207047801 0.078743387791 -
58752.0000000000 -154360982.418509 49782302.736815 2951950.578529 -17.074783691687 -26.229624560898 0.064289636546 1379.819987 0.000330815328 -0.001195554975 0.078182063429 -
58753.0000000000 -155818351.883728 47510395.377263 2957375.426892 -16.660876900622 -26.359529360725 0.061300512106 1379.590355 0.000327355691 -0.001168950716 0.077626264641 -
58754.0000000000 -157240028.156795 45227597.632432 2962544.385292 -16.248574274375 -26.481741636599 0.058366229482 1379.362355 0.000324575480 -0.001145256229 0.077075624820 -
58755.0000000000 -158626155.406588 42934567.688315 2967462.197475 -15.838003562341 -26.596410708695 0.055486902916 1379.135974 0.000324359709 -0.001128250578 0.076529988251 -
58756.0000000000 -159976888.535572 40631950.807803 2972133.613818 -15.429285509411 -26.703686360220 0.052662572220 1378.911196 0.000322100406 -0.001107362164 0.075989419388 -
58757.0000000000 -161292392.600433 38320379.340272 2976563.385657 -15.022534454396 -26.803717692419 0.049893220413 1378.688006 0.000323224808 -0.001094412468 0.075453645343 -
58758.0000000000 -162572842.239839 36000472.729912 2980756.259626 -14.617857896324 -26.896654298289 0.047178756311 1378.466389 0.000319624527 -0.001072030969 0.074922839450 -
58759.0000000000 -163818421.128638 33672837.561599 2984716.972618 -14.215357540040 -26.982644219925 0.044519046116 1378.246333 0.000317060634 -0.001052644158 0.074396722938 -
58760.0000000000 -165029321.448277 31338067.622873 2988450.247023 -13.815128626035 -27.061835618157 0.041913888581 1378.027822 0.000314647733 -0.001034206379 0.073875238685 -
58761.0000000000 -166205743.354907 28996743.940864 2991960.785656 -13.417260546631 -27.134375682754 0.039363032288 1377.810843 0.000311485532 -0.001014943607 0.073358328455 -
58762.0000000000 -167347894.482762 26649434.872841 2995253.267553 -13.021837046611 -27.200410480859 0.036866178849 1377.595383 0.000310703180 -0.001000754311 0.072845816489 -
58763.0000000000 -168455989.453904 24296696.189202 2998332.343740 -12.628936169547 -27.260085283394 0.034422978672 1377.381429 0.000307747257 -0.000982937398 0.072337756146 -
58764.0000000000 -169530249.415009 21939071.188035 3001202.633551 -12.238630937395 -27.313543507767 0.032033048359 1377.168967 0.000306018688 -0.000967866800 0.071833967988 -
58765.0000000000 -170570901.590430 19577090.820080 3003868.721213 -11.850989047671 -27.360927534301 0.029695959005 1376.957985 0.000300884010 -0.000947257364 0.071334504072 -
58766.0000000000 -171578178.852328 17211273.823207 3006335.152654 -11.466073571308 -27.402377669437 0.027411253499 1376.748471 0.000300458472 -0.000935366770 0.070839062937 -
58767.0000000000 -172552319.294662 14842126.845145 3008606.432230 -11.083942343895 -27.438033454442 0.025178427006 1376.540412 0.000295950673 -0.000916859407 0.070347812513 -
58768.0000000000 -173493565.834834 12470144.593994 3010687.019979 -10.704649214684 -27.468031713267 0.022996958961 1376.333796 0.000296016022 -0.000906395030 0.069860447180 -
58769.0000000000 -174402165.829972 10095809.995422 3012581.329088 -10.328243136414 -27.492508350207 0.020866285776 1376.128612 0.000289309553 -0.000885233697 0.069377195407 -
58770.0000000000 -175278370.715964 7719594.366011 3014293.723723 -9.954769601908 -27.511596178009 0.018785836676 1375.924848 0.000289663825 -0.000875847150 0.068897627849 -
58771.0000000000 -176122435.647922 5341957.571515 3015828.516721 -9.584269240714 -27.525427439030 0.016754994602 1375.722492 0.000283201975 -0.000856060597 0.068422033734 -
58772.0000000000 -176934619.162663 2963348.199804 3017189.967629 -9.216779732083 -27.534130944176 0.014773143414 1375.521534 0.000284554918 -0.000848665086 0.067949979034 -
58773.0000000000 -177715182.853805 584203.737550 3018382.280910 -8.852334183704 -27.537834847032 0.012839624462 1375.321963 0.000276937002 -0.000828008042 0.067481816204 -
58774.0000000000 -178464391.069156 -1795049.239657 3019409.604483 -8.490963269446 -27.536663558925 0.010953787854 1375.123767 0.000278334210 -0.000821071836 0.067017043238 -
58775.0000000000 -179182510.613028 -4173994.885245 3020276.028243 -8.132693205231 -27.530741020169 0.009114940568 1374.926936 0.000272313920 -0.000803555849 0.066555996697 -
58776.0000000000 -179869810.461231 -6552227.900502 3020985.582679 -7.777548066818 -27.520187449493 0.007322400807 1374.731459 0.000272094926 -0.000794636982 0.066098302824 -
58777.0000000000 -180526561.502230 -8929353.330018 3021542.237990 -7.425548077638 -27.505122053348 0.005575454963 1374.537327 0.000266506231 -0.000778443602 0.065644165804 -
58778.0000000000 -181153036.276867 -11304986.378317 3021949.902965 -7.076711287692 -27.485660806451 0.003873395424 1374.344530 0.000266535360 -0.000770228630 0.065193276834 -
58779.0000000000 -181749508.736560 -13678752.214601 3022212.424175 -6.731052322394 -27.461918396432 0.002215489744 1374.153056 0.000262670922 -0.000756920822 0.064745798683 -
58780.0000000000 -182316254.009027 -16050285.784301 3022333.585161 -6.388583807975 -27.434006436556 0.000601011607 1373.962897 0.000255564371 -0.000739739662 0.064301659431 -
58781.0000000000 -182853548.203712 -18419231.582133 3022317.106384 -6.049315864951 -27.402034361738 -0.000970772681 1373.774043 0.000257210666 -0.000734147307 0.063860546347 -
58782.0000000000 -183361668.170014 -20785243.502636 3022166.643984 -5.713255522251 -27.366110326283 -0.002500618176 1373.586485 0.000255082133 -0.000723758187 0.063422685008 -
58783.0000000000 -183840891.302138 -23147984.643228 3021885.789441 -5.380408382370 -27.326339206616 -0.003989266350 1373.400212 0.000251007455 -0.000711168289 0.062987984019 -
58784.0000000000 -184291495.382006 -25507127.072926 3021478.069937 -5.050777837130 -27.282823804097 -0.005437464011 1373.215217 0.000245398991 -0.000697009079 0.062556385468 -
58785.0000000000 -184713758.397066 -27862351.648240 3020946.948022 -4.724365270855 -27.235664733859 -0.006845960242 1373.031490 0.000245365087 -0.000689784198 0.062127696870 -
58786.0000000000 -185107958.353406 -30213347.846325 3020295.821094 -4.401169748690 -27.184960935479 -0.008215513987 1372.849022 0.000237301526 -0.000673243748 0.061702153032 -
58787.0000000000 -185474373.136273 -32559813.553672 3019528.021746 -4.081189425394 -27.130808133141 -0.009546866341 1372.667804 0.000241095109 -0.000670720950 0.061279306967 -
58788.0000000000 -185813280.344761 -34901454.896777 3018646.817483 -3.764419538900 -27.073301347033 -0.010840782691 1372.487828 0.000233205834 -0.000654873704 0.060859590212 -
58789.0000000000 -186124957.162105 -37237986.044474 3017655.411045 -3.450855240700 -27.012531726174 -0.012097996718 1372.309084 0.000234000024 -0.000649070769 0.060442555203 -
58790.0000000000 -186409680.232869 -39569129.012409 3016556.940787 -3.140488925319 -26.948589764849 -0.013319265078 1372.131566 0.000232307066 -0.000640523094 0.060028384217 -
58791.0000000000 -186667725.514395 -41894613.509248 3015354.480431 -2.833312304802 -26.881563052458 -0.014505327149 1371.955265 0.000222803788 -0.000623754048 0.059617136675 -
58792.0000000000 -186899368.205656 -44214176.706758 3014051.040246 -2.529316126288 -26.811536761240 -0.015656912205 1371.780171 0.000227214889 -0.000622078750 0.059208361273 -
58793.0000000000 -187104882.593864 -46527563.110539 3012649.566562 -2.228488550313 -26.738595488598 -0.016774771079 1371.606278 0.000220265825 -0.000608450482 0.058802500896 -
58794.0000000000 -187284541.962258 -48834524.374629 3011152.942352 -1.930818189015 -26.662820115281 -0.017859619372 1371.433578 0.000220607908 -0.000602591127 0.058399168863 -
58795.0000000000 -187438618.512861 -51134819.108978 3009563.988042 -1.636291414242 -26.584290782298 -0.018912189288 1371.262062 0.000216136943 -0.000591906503 0.057998555346 -
58796.0000000000 -187567383.259717 -53428212.728968 3007885.461663 -1.344894366286 -26.503084887226 -0.019933192901 1371.091722 0.000211981676 -0.000581757196 0.057600530821 -
58797.0000000000 -187671105.964953 -55714477.268660 3006120.059734 -1.056611936423 -26.419278248076 -0.020923341953 1370.922552 0.000209997801 -0.000573898378 0.057205029878 -
58798.0000000000 -187750055.042605 -57993391.235938 3004270.417481 -0.771428038066 -26.332944909573 -0.021883343496 1370.754544 0.000208426105 -0.000566523297 0.056812052968 -
58799.0000000000 -187804497.486665 -60264739.451069 3002339.109432 -0.489325896548 -26.244156952512 -0.022813895461 1370.587690 0.000209163374 -0.000561385792 0.056421536452 -
58800.0000000000 -187834698.804250 -62528312.888179 3000328.650043 -0.210287877766 -26.152984752397 -0.023715690444 1370.421983 0.000202726658 -0.000549625411 0.056033613948 -
58801.0000000000 -187840922.974794 -64783908.500507 2998241.494704 0.065703738131 -26.059496344787 -0.024589403046 1370.257415 0.000198437900 -0.000540098473 0.055648092961 -
58802.0000000000 -187823432.393754 -67031329.067978 2996080.040418 0.338667888657 -25.963758576985 -0.025435710237 1370.093980 0.000198385144 -0.000534521204 0.055264911513 -
58803.0000000000 -187782487.789322 -69270383.076604 2993846.625957 0.608624222137 -25.865836692850 -0.026255282957 1369.931671 0.000196768698 -0.000527577776 0.054884140828 -
58804.0000000000 -187718348.184610 -71500884.562297 2991543.532750 0.875592551841 -25.765793924171 -0.027048777567 1369.770479 0.000195487397 -0.000521000977 0.054505721542 -
58805.0000000000 -187631270.864432 -73722652.957728 2989172.985798 1.139593295406 -25.663691969996 -0.027816843960 1369.610399 0.000188370077 -0.000509531576 0.054129727649 -
58806.0000000000 -187521511.346980 -75935512.942350 2986737.154596 1.400646922054 -25.559590590359 -0.028560117047 1369.451424 0.000189606985 -0.000505325199 0.053755901676 -
58807.0000000000 -187389323.325692 -78139294.323827 2984238.153531 1.658775195595 -25.453548739548 -0.029279237574 1369.293547 0.000184843116 -0.000496137863 0.053384452420 -
58808.0000000000 -187234958.636904 -80333831.903406 2981678.042649 1.913999334241 -25.345623061174 -0.029974822650 1369.136761 0.000184330510 -0.000490581690 0.053015190314 -
58809.0000000000 -187058667.241553 -82518965.334596 2979058.828618 2.166341525775 -25.235869238211 -0.030647490821 1368.981059 0.000181726262 -0.000483383049 0.052648193273 -
58810.0000000000 -186860697.188180 -84694539.003786 2976382.465328 2.415823845081 -25.124341150674 -0.031297845166 1368.826435 0.000183354172 -0.000479602865 0.052283339370 -
58811.0000000000 -186641294.589614 -86860401.904093 2973650.854690 2.662469020024 -25.011091561363 -0.031926485884 1368.672883 0.000173818051 -0.000467174343 0.051920844071 -
58812.0000000000 -186400703.627161 -89016407.493568 2970865.847802 2.906299028736 -24.896171067892 -0.032533988993 1368.520396 0.000177034284 -0.000464761987 0.051560316886 -
58813.0000000000 -186139166.509484 -91162413.593347 2968029.245385 3.147337551271 -24.779630075466 -0.033120944587 1368.368967 0.000173079294 -0.000456885859 0.051202042774 -
58814.0000000000 -185856923.446351 -93298282.279311 2965142.798409 3.385607173696 -24.661516673670 -0.033687914219 1368.218591 0.000168264766 -0.000448534009 0.050845903165 -
58815.0000000000 -185554212.672777 -95423879.739220 2962208.209460 3.621131017531 -24.541877960549 -0.034235456396 1368.069261 0.000169302686 -0.000444573366 0.050491778698 -
58816.0000000000 -185231270.402760 -97539076.188077 2959227.132993 3.853932739921 -24.420760066547 -0.034764126680 1367.920971 0.000169179365 -0.000439756848 0.050139755220 -
58817.0000000000 -184888330.821490 -99643745.758279 2956201.176152 4.084035642985 -24.298207546696 -0.035274464771 1367.773715 0.000165181920 -0.000432253919 0.049789852122 -
58818.0000000000 -184525626.105280 -101737766.374135 2953131.899948 4.311462922816 -24.174263626763 -0.035766998764 1367.627487 0.000159240876 -0.000423560479 0.049442021061 -
58819.0000000000 -184143386.418975 -103821019.647394 2950020.820084 4.536237941573 -24.048970443325 -0.036242249486 1367.482280 0.000163086402 -0.000421673247 0.049096076543 -
58820.0000000000 -183741839.875729 -105893390.802159 2946869.407196 4.758384826764 -23.922369483975 -0.036700739241 1367.338090 0.000154708141 -0.000411548725 0.048752315214 -
58821.0000000000 -183321212.563790 -107954768.557177 2943679.088046 4.977926320679 -23.794500160425 -0.037142961420 1367.194909 0.000160459401 -0.000410933050 0.048410346573 -
58822.0000000000 -182881728.534937 -110005045.037216 2940451.246135 5.194886818656 -23.665401908734 -0.037569424007 1367.052732 0.000152960409 -0.000401629784 0.048070538784 -
58823.0000000000 -182423609.809066 -112044115.678254 2937187.222511 5.409288957014 -23.535111945769 -0.037980601726 1366.911554 0.000153988575 -0.000397961830 0.047732570930 -
58824.0000000000 -181947076.392642 -114071879.125703 2933888.316762 5.621156704079 -23.403667351614 -0.038376979681 1366.771368 0.000150633288 -0.000391543869 0.047396606226 -
58825.0000000000 -181452346.258964 -116088237.161744 2930555.787429 5.830513153268 -23.271103661048 -0.038759022862 1366.632169 0.000149947434 -0.000386869402 0.047062532118 -
58826.0000000000 -180939635.369838 -118093094.608119 2927190.852991 6.037381771282 -23.137455703725 -0.039127193672 1366.493951 0.000143645367 -0.000378856318 0.046730445066 -
58827.0000000000 -180409157.685772 -120086359.240159 2923794.692654 6.241785415650 -23.002757024407 -0.039481938824 1366.356709 0.000149428430 -0.000378161895 0.046400093583 -
58828.0000000000 -179861125.148154 -122067941.719855 2920368.446754 6.443747965918 -22.867040903199 -0.039823711451 1366.220437 0.000143111477 -0.000370295705 0.046071785639 -
58829.0000000000 -179295747.705845 -124037755.505349 2916913.217719 6.643291663921 -22.730338789835 -0.040152935838 1366.085129 0.000137031241 -0.000362768156 0.045745341275 -
58830.0000000000 -178713233.357378 -125995716.753935 2913430.071232 6.840439412776 -22.592681718856 -0.040470038394 1365.950780 0.000144178021 -0.000362811691 0.045420579218 -
58831.0000000000 -178113788.092436 -127941744.286448 2909920.036031 7.035214808862 -22.454100315621 -0.040775447853 1365.817385 0.000139524949 -0.000356178514 0.045097811665 -
58832.0000000000 -177497615.936237 -129875759.494204 2906384.105058 7.227639728122 -22.314623460409 -0.041069564181 1365.684937 0.000135733352 -0.000350162511 0.044776859771 -
58833.0000000000 -176864918.995563 -131797686.248057 2902823.236594 7.417736701554 -22.174279673359 -0.041352789753 1365.553433 0.000134870470 -0.000345810327 0.044457684915 -
58834.0000000000 -176215897.431441 -133707450.851163 2899238.354427 7.605528237463 -22.033096741183 -0.041625520607 1365.422866 0.000133358844 -0.000341152907 0.044140320306 -
58835.0000000000 -175550749.476853 -135604981.968289 2895630.348597 7.791036457161 -21.891101547630 -0.041888142018 1365.293231 0.000127413467 -0.000334286935 0.043824800191 -
58836.0000000000 -174869671.471025 -137490210.548881 2892000.076316 7.974283075151 -21.748320098400 -0.042141028561 1365.164523 0.000130422967 -0.000332077190 0.043510946177 -
58837.0000000000 -174172857.847894 -139363069.776046 2888348.362312 8.155290479910 -21.604778096338 -0.042384557681 1365.036736 0.000132991138 -0.000329574447 0.043198864464 -
58838.0000000000 -173460501.140409 -141223495.008952 2884675.999350 8.334080286397 -21.460500213539 -0.042619091820 1364.909866 0.000125218166 -0.000322034600 0.042888663086 -
58839.0000000000 -172732792.048977 -143071423.695157 2880983.749528 8.510673298829 -21.315510123523 -0.042844978408 1364.783907 0.000126537531 -0.000319015345 0.042580093412 -
58840.0000000000 -171989919.431497 -144906795.324266 2877272.344597 8.685091362858 -21.169831425421 -0.043062572576 1364.658855 0.000121179761 -0.000312870741 0.042273335629 -
58841.0000000000 -171232070.309838 -146729551.375249 2873542.486459 8.857355132879 -21.023486573269 -0.043272210126 1364.534703 0.000122929447 -0.000310110392 0.041968213370 -
58842.0000000000 -170459429.892103 -148539635.256996 2869794.847857 9.027485939205 -20.876497790068 -0.043474230233 1364.411448 0.000121693905 -0.000305981713 0.041664837013 -
58843.0000000000 -169672181.579689 -150336992.258312 2866030.072865 9.195504272823 -20.728886372141 -0.043668957410 1364.289083 0.000119228365 -0.000301362263 0.041363174600 -
58844.0000000000 -168870507.007542 -152121569.483979 2862248.777758 9.361430532395 -20.580673062588 -0.043856710644 1364.167605 0.000117361893 -0.000297073654 0.041063194279 -
58845.0000000000 -168054586.052048 -153893315.807533 2858451.551486 9.525285026170 -20.431878064313 -0.044037803511 1364.047008 0.000117967092 -0.000293877732 0.040764864685 -
58846.0000000000 -167224596.838837 -155652181.825122 2854638.956136 9.687087972306 -20.282521052376 -0.044212544266 1363.927287 0.000113438425 -0.000288572318 0.040468263559 -
58847.0000000000 -166380715.776598 -157398119.799734 2850811.527685 9.846858896285 -20.132620938580 -0.044381229054 1363.808437 0.000111822320 -0.000284562761 0.040173288392 -
58848.0000000000 -165523117.574182 -159131083.613999 2846969.776551 10.004617620469 -19.982196305327 -0.044544153443 1363.690453 0.000115033030 -0.000282497045 0.039879909091 -
58849.0000000000 -164651975.231797 -160851028.734830 2843114.187832 10.160383874094 -19.831265245859 -0.044701607962 1363.573331 0.000111979781 -0.000277956499 0.039588241789 -
58850.0000000000 -163767460.084720 -162557912.157916 2839245.222138 10.314176467845 -19.679845057698 -0.044853868947 1363.457066 0.000107507471 -0.000272973779 0.039298221622 -
58851.0000000000 -162869741.839092 -164251692.357246 2835363.316317 10.466014302315 -19.527952665513 -0.045001210130 1363.341652 0.000109973210 -0.000270657364 0.039009747044 -
58852.0000000000 -161958988.554575 -165932329.256436 2831468.883576 10.615916589754 -19.375604703089 -0.045143905073 1363.227086 0.000104641099 -0.000265492534 0.038722972658 -
58853.0000000000 -161035366.680675 -167599784.180567 2827562.314189 10.763901389843 -19.222816980189 -0.045282211056 1363.113362 0.000106451020 -0.000262973124 0.038437725000 -
58854.0000000000 -160099041.075108 -169254019.815700 2823643.976003 10.909987489890 -19.069605193269 -0.045416389976 1363.000475 0.000103773590 -0.000258883345 0.038154123264 -
58855.0000000000 -159150175.013694 -170895000.173042 2819714.214835 11.054192720504 -18.915984322727 -0.045546689912 1362.888422 0.000104996830 -0.000256173024 0.037872067741 -
58856.0000000000 -158188930.218212 -172522690.547241 2815773.355061 11.196535224211 -18.761969099423 -0.045673359107 1362.777197 0.000101578348 -0.000251932872 0.037591642387 -
58857.0000000000 -157215466.875818 -174137057.479298 2811821.700102 11.337032382163 -18.607573645251 -0.045796634436 1362.666796 0.000095035451 -0.000246795880 0.037312821727 -
58858.0000000000 -156229943.677277 -175738068.714162 2807859.533099 11.475701451945 -18.452811709362 -0.045916748449 1362.557213 0.000100966002 -0.000245678702 0.037035432612 -
58859.0000000000 -155232517.789053 -177325693.180749 2803887.116879 11.612560460754 -18.297696951182 -0.046033938841 1362.448445 0.000100173604 -0.000242405044 0.036759671473 -
58860.0000000000 -154223344.882110 -178899900.954285 2799904.694520 11.747625999521 -18.142242248017 -0.046148425123 1362.340487 0.000094046985 -0.000237603762 0.036485514373 -
58861.0000000000 -153202579.199600 -180460663.207838 2795912.490312 11.880914528602 -17.986460137298 -0.046260422693 1362.233335 0.000098411166 -0.000235945882 0.036212788608 -
58862.0000000000 -152170373.528564 -182007952.194479 2791910.709701 12.012443294095 -17.830363083447 -0.046370152376 1362.126983 0.000093467380 -0.000231616115 0.035941692864 -
58863.0000000000 -151126879.229613 -183541741.212686 2787899.539833 12.142228069163 -17.673962822934 -0.046477816971 1362.021427 0.000091428285 -0.000228197009 0.035672092619 -
58864.0000000000 -150072246.276449 -185062004.569630 2783879.150195 12.270285185203 -17.517270970249 -0.046583622475 1361.916664 0.000093956712 -0.000226025525 0.035403964354 -
58865.0000000000 -149006623.236495 -186568717.562157 2779849.692636 12.396630863696 -17.360298821676 -0.046687771150 1361.812688 0.000087916744 -0.000221636634 0.035137434692 -
58866.0000000000 -147930157.320915 -188061856.439283 2775811.302103 12.521280278296 -17.203057123419 -0.046790452083 1361.709494 0.000089489456 -0.000219266991 0.034872331957 -
58867.0000000000 -146842994.394743 -189541398.376171 2771764.096950 12.644249415884 -17.045556569338 -0.046891860211 1361.607079 0.000089154451 -0.000216415691 0.034608745987 -
58868.0000000000 -145745278.977018 -191007321.451522 2767708.179153 12.765553447092 -16.887807382320 -0.046992179817 1361.505439 0.000088332104 -0.000213472599 0.034346655336 -
58869.0000000000 -144637154.281267 -192459604.615186 2763643.634915 12.885207421659 -16.729819506290 -0.047091591685 1361.404568 0.000084685693 -0.000209932296 0.034086076142 -
58870.0000000000 -143518762.236198 -193898227.661962 2759570.535070 13.003226031285 -16.571602557775 -0.047190270799 1361.304462 0.000087272494 -0.000207820596 0.033826912015 -
58871.0000000000 -142390243.485334 -195323171.210608 2755488.935276 13.119624334113 -16.413165994699 -0.047288393579 1361.205118 0.000082265587 -0.000204090885 0.033569292807 -
58872.0000000000 -141251737.418040 -196734416.676575 2751398.876500 13.234416303689 -16.254518802351 -0.047386123599 1361.106530 0.000082546950 -0.000201538017 0.033313085057 -
58873.0000000000 -140103382.189935 -198131946.247516 2747300.385406 13.347616525630 -16.095669871860 -0.047483628394 1361.008694 0.000081859456 -0.000198801407 0.033058343872 -
58874.0000000000 -138945314.722427 -199515742.864090 2743193.474528 13.459238984286 -15.936627743918 -0.047581067565 1360.911607 0.000081563999 -0.000196163362 0.032805049536 -
58875.0000000000 -137777670.733708 -200885790.194499 2739078.142745 13.569297547801 -15.777400720341 -0.047678597617 1360.815264 0.000079091060 -0.000193159095 0.032553220371 -
58876.0000000000 -136600584.759503 -202242072.612108 2734954.375646 13.677805720126 -15.617996823720 -0.047776369620 1360.719660 0.000079750014 -0.000190747873 0.032302799044 -
58877.0000000000 -135414190.162866 -203584575.175528 2730822.145797 13.784777142845 -15.458423894733 -0.047874534094 1360.624792 0.000076937984 -0.000187772878 0.032053842562 -
58878.0000000000 -134218619.154887 -204913283.607381 2726681.413089 13.890224840408 -15.298689464476 -0.047973233824 1360.530655 0.000075949562 -0.000185150604 0.031806294128 -
58879.0000000000 -133014002.815310 -206228184.273528 2722532.125098 13.994161977220 -15.138800892633 -0.048072611164 1360.437245 0.000074091006 -0.000182432028 0.031560173283 -
58880.0000000000 -131800471.102284 -207529264.164780 2718374.217326 14.096601352025 -14.978765287104 -0.048172803263 1360.344558 0.000076744938 -0.000180388532 0.031315423480 -
58881.0000000000 -130578152.861722 -208816510.878768 2714207.613438 14.197555912502 -14.818589587664 -0.048273946971 1360.252589 0.000072940622 -0.000177451315 0.031072141702 -
58882.0000000000 -129347175.859236 -210089912.599250 2710032.225707 14.297037718270 -14.658280423322 -0.048376169160 1360.161335 0.000076248303 -0.000175486821 0.030830195090 -
58883.0000000000 -128107666.789453 -211349458.078941 2705847.955242 14.395059501338 -14.497844336349 -0.048479601391 1360.070792 0.000071410574 -0.000172513962 0.030589719809 -
58884.0000000000 -126859751.296947 -212595136.621710 2701654.692318 14.491632836666 -14.337287543545 -0.048584362899 1359.980955 0.000067881073 -0.000169800318 0.030350621816 -
58885.0000000000 -125603554.008331 -213826938.063610 2697452.316809 14.586769713574 -14.176616148134 -0.048690575279 1359.891820 0.000071176834 -0.000167860456 0.030112845019 -
58886.0000000000 -124339198.507177 -215044852.761233 2693240.698078 14.680482287499 -14.015836097302 -0.048798360147 1359.803384 0.000065657709 -0.000165031581 0.029876527383 -
58887.0000000000 -123066807.377658 -216248871.572481 2689019.695514 14.772781537460 -13.854953049061 -0.048907826873 1359.715641 0.000069432443 -0.000163135913 0.029641497457 -
58888.0000000000 -121786502.213487 -217438985.841363 2684789.158732 14.863679412091 -13.693972598759 -0.049019092307 1359.628589 0.000071011026 -0.000160992415 0.029407854909 -
58889.0000000000 -120498403.615311 -218615187.384555 2680548.927671 14.953186950685 -13.532900093183 -0.049132263611 1359.542223 0.000062847735 -0.000158130382 0.029175661855 -
58890.0000000000 -119202631.258382 -219777468.472079 2676298.833323 15.041314535401 -13.371740680488 -0.049247440711 1359.456539 0.000067675512 -0.000156287949 0.028944707281 -
58891.0000000000 -117899303.866130 -220925821.816410 2672038.697608 15.128073817284 -13.210499455275 -0.049364733713 1359.371533 0.000060682858 -0.000153675583 0.028715209387 -
58892.0000000000 -116588539.230990 -222060240.558363 2667768.333669 15.213474696372 -13.049181238920 -0.049484235682 1359.287202 0.000069138745 -0.000151989404 0.028486918136 -
58893.0000000000 -115270454.222622 -223180718.253247 2663487.546056 15.297528633490 -12.887790805548 -0.049606052465 1359.203540 0.000059109048 -0.000149349649 0.028260131468 -
58894.0000000000 -113945164.821036 -224287248.857148 2659196.131127 15.380244761779 -12.726332659031 -0.049730267914 1359.120545 0.000062446427 -0.000147403446 0.028034559766 -
58895.0000000000 -112612786.136986 -225379826.713450 2654893.877326 15.461634070092 -12.564811261388 -0.049856981289 1359.038212 0.000062669532 -0.000145304148 0.027810344675 -
58896.0000000000 -111273432.384290 -226458446.542546 2650580.565040 15.541706332269 -12.403230878323 -0.049986279903 1358.956538 0.000060765462 -0.000143168694 0.027587471874 -
58897.0000000000 -109927216.936763 -227523103.427695 2646255.967197 15.620471219196 -12.241595644445 -0.050118249088 1358.875518 0.000057778300 -0.000141069542 0.027365926667 -
58898.0000000000 -108574252.336890 -228573792.803738 2641919.849437 15.697938304108 -12.079909564309 -0.050252972270 1358.795149 0.000054756408 -0.000139042156 0.027145694521 -
58899.0000000000 -107214650.304171 -229610510.445927 2637571.970270 15.774117064526 -11.918176513829 -0.050390531012 1358.715427 0.000061884945 -0.000137067251 0.026926681498 -
58900.0000000000 -105848521.718228 -230633252.458819 2633212.081021 15.849017464924 -11.756400240451 -0.050531010113 1358.636348 0.000052835560 -0.000135097164 0.026709112194 -
58901.0000000000 -104475976.676961 -231642015.265246 2628839.926422 15.922647636416 -11.594584364884 -0.050674477404 1358.557908 0.000060611664 -0.000133054388 0.026492693938 -
58902.0000000000 -103097124.491892 -232636795.595441 2624455.244655 15.995017651406 -11.432732382703 -0.050821016689 1358.480104 0.000054108184 -0.000131190657 0.026277691929 -
58903.0000000000 -101712073.696490 -233617590.477276 2620057.767500 16.066135448198 -11.270847688631 -0.050970692315 1358.402931 0.000052665356 -0.000129320940 0.026063933113 -
58904.0000000000 -100320932.091900 -234584397.226487 2615647.220815 16.136010040754 -11.108933552076 -0.051123577090 1358.326385 0.000057397260 -0.000127248854 0.025851403278 -
58905.0000000000 -98923806.704006 -235537213.435957 2611223.324235 16.204650361165 -10.946993119598 -0.051279742230 1358.250464 0.000050548492 -0.000125615127 0.025640250153 -
58906.0000000000 -97520803.842297 -236476036.967540 2606785.791755 16.272064060856 -10.785029471258 -0.051439247097 1358.175163 0.000051777193 -0.000123708925 0.025430299617 -
58907.0000000000 -96112029.107637 -237400865.942728 2602334.331865 16.338259891990 -10.623045537703 -0.051602159722 1358.100479 0.000052702342 -0.000121799418 0.025221618825 -
58908.0000000000 -94697587.374147 -238311698.732566 2597868.647468 16.403245925386 -10.461044165446 -0.051768541495 1358.026408 0.000049462615 -0.000120162213 0.025014235677 -
58909.0000000000 -93277582.835595 -239208533.950525 2593388.436336 16.467029839446 -10.299028120160 -0.051938449708 1357.952945 0.000052501759 -0.000118130317 0.024808056180 -
58910.0000000000 -91852118.999915 -240091370.443050 2588893.391136 16.529619831761 -10.137000029514 -0.052111945347 1357.880088 0.000048407306 -0.000116629412 0.024603189560 -
58911.0000000000 -90421298.709857 -240960207.282129 2584383.199659 16.591023102717 -9.974962487231 -0.052289080209 1357.807833 0.000047622396 -0.000114928194 0.024399542058 -
58912.0000000000 -88985224.163518 -241815043.757924 2579857.545062 16.651247374767 -9.812917950340 -0.052469909848 1357.736176 0.000046256571 -0.000113306244 0.024197141850 -
58913.0000000000 -87543996.908567 -242655879.369851 2575316.105870 16.710299981830 -9.650868806084 -0.052654485866 1357.665114 0.000045171861 -0.000111691845 0.023995976778 -
58914.0000000000 -86097717.862694 -243482713.819695 2570758.556212 16.768188173078 -9.488817352095 -0.052842858507 1357.594642 0.000050136841 -0.000109428842 0.023795993464 -
58915.0000000000 -84646487.307384 -244295547.002367 2566184.565817 16.824919426583 -9.326765761659 -0.053035079327 1357.524757 0.000042435921 -0.000108581642 0.023597344694 -
58916.0000000000 -83190404.935394 -245094379.002744 2561593.800469 16.880499892391 -9.164716259261 -0.053231188101 1357.455456 0.000047396298 -0.000106302103 0.023399812461 -
58917.0000000000 -81729569.844348 -245879210.086689 2556985.922005 16.934937196951 -9.002670810285 -0.053431236464 1357.386735 0.000046248133 -0.000104740225 0.023203549864 -
58918.0000000000 -80264080.530360 -246650040.692506 2552360.588305 16.988237637808 -8.840631441399 -0.053635264325 1357.318590 0.000039698797 -0.000103980660 0.023008545938 -
58919.0000000000 -78794034.949251 -247406871.430653 2547717.453858 17.040407424509 -8.678600111342 -0.053843310341 1357.251018 0.000043490932 -0.000101824396 0.022814664085 -
58920.0000000000 -77319530.482740 -248149703.071686 2543056.169518 17.091453637019 -8.516578567736 -0.054055419949 1357.184016 0.000043542969 -0.000100176323 0.022622017550 -
58921.0000000000 -75840663.945209 -248878536.539397 2538376.382608 17.141382328460 -8.354568610423 -0.054271629498 1357.117579 0.000040571173 -0.000099033968 0.022430595512 -
58922.0000000000 -74357531.631671 -249593372.910170 2533677.737358 17.190199468274 -8.192571972129 -0.054491974172 1357.051705 0.000040384169 -0.000097484879 0.022240344730 -
58923.0000000000 -72870229.310945 -250294213.404768 2528959.874894 17.237911267666 -8.030590262556 -0.054716490731 1356.986389 0.000038733362 -0.000096208279 0.022051295956 -
58924.0000000000 -71378852.232376 -250981059.382166 2524222.433327 17.284523540486 -7.868625071677 -0.054945212187 1356.921628 0.000041440621 -0.000094159385 0.021863396046 -
58925.0000000000 -69883495.132418 -251653912.333187 2519465.047843 17.330042345571 -7.706677861898 -0.055178173178 1356.857420 0.000039111955 -0.000093037427 0.021676718528 -
58926.0000000000 -68384252.255269 -252312773.877113 2514687.350916 17.374473019030 -7.544750144645 -0.055415401935 1356.793759 0.000037542002 -0.000091821876 0.021491210486 -
58927.0000000000 -66881217.373492 -252957645.758512 2509888.972506 17.417821142483 -7.382843309034 -0.055656928357 1356.730643 0.000037490516 -0.000090327815 0.021306860962 -
58928.0000000000 -65374483.780599 -253588529.839055 2505069.540034 17.460092223579 -7.220958676864 -0.055902781373 1356.668069 0.000039695759 -0.000088349525 0.021123659230 -
58929.0000000000 -63864144.297458 -254205428.091710 2500228.678463 17.501291695704 -7.059097503038 -0.056152988952 1356.606033 0.000034556294 -0.000087983454 0.020941680375 -
58930.0000000000 -62350291.307111 -254808342.601379 2495366.010614 17.541424260507 -6.897261123888 -0.056407572662 1356.544531 0.000038251548 -0.000085681563 0.020760785469 -
58931.0000000000 -60833016.747020 -255397275.556467 2490481.157134 17.580495530874 -6.735450599378 -0.056666561335 1356.483561 0.000035987704 -0.000084734738 0.020581092693 -
58932.0000000000 -59312412.115509 -255972229.243900 2485573.736569 17.618510059263 -6.573667150283 -0.056929974711 1356.423118 0.000033585029 -0.000083881937 0.020402549168 -
58933.0000000000 -57788568.506630 -256533206.050557 2480643.365683 17.655472651601 -6.411911869895 -0.057197834358 1356.363199 0.000031741824 -0.000082945232 0.020225144499 -
58934.0000000000 -56261576.602307 -257080208.455307 2475689.659412 17.691388042050 -6.250185794559 -0.057470160996 1356.303802 0.000036377988 -0.000080343922 0.020048825006 -
58935.0000000000 -54731526.664131 -257613239.020294 2470712.230819 17.726261226589 -6.088489815843 -0.057746977276 1356.244922 0.000032428940 -0.000079976944 0.019873711148 -
58936.0000000000 -53198508.568445 -258132300.393573 2465710.691404 17.760096127142 -5.926825031088 -0.058028296710 1356.186557 0.000031004493 -0.000079002654 0.019699706202 -
58937.0000000000 -51662611.827072 -258637395.308402 2460684.651298 17.792897259881 -5.765192315496 -0.058314137531 1356.128703 0.000032796563 -0.000077139216 0.019526799829 -
58938.0000000000 -50123925.564606 -259128526.571155 2455633.719088 17.824669072481 -5.603592486622 -0.058604517211 1356.071356 0.000033155065 -0.000075663377 0.019355026124 -
58939.0000000000 -48582538.538990 -259605697.060695 2450557.502005 17.855415604613 -5.442026405069 -0.058899449655 1356.014514 0.000027372738 -0.000076051160 0.019184419745 -
58940.0000000000 -47038539.176896 -260068909.732695 2445455.606236 17.885140485097 -5.280494988579 -0.059198945183 1355.958173 0.000032010977 -0.000073331278 0.019014838449 -
58941.0000000000 -45492015.550641 -260518167.606897 2440327.636741 17.913848287915 -5.118998802588 -0.059503021829 1355.902330 0.000031750979 -0.000072071461 0.018846405099 -
58942.0000000000 -43943055.384244 -260953473.762977 2435173.197318 17.941542501679 -4.957538669327 -0.059811688462 1355.846982 0.000027129642 -0.000072256052 0.018679110881 -
58943.0000000000 -42391746.103522 -261374831.350178 2429991.891034 17.968226540661 -4.796115377092 -0.060124953203 1355.792125 0.000029457647 -0.000070220101 0.018512857005 -
58944.0000000000 -40838174.812826 -261782243.574385 2424783.320035 17.993904432153 -4.634729448970 -0.060442829176 1355.737756 0.000028626053 -0.000069219080 0.018347723238 -
58945.0000000000 -39282428.301004 -262175713.694319 2419547.085610 18.018579452226 -4.473381585071 -0.060765323148 1355.683873 0.000025172955 -0.000069168594 0.018183700744 -
58946.0000000000 -37724593.076969 -262555245.027683 2414282.788491 18.042254804918 -4.312072450938 -0.061092441196 1355.630471 0.000030458128 -0.000066054124 0.018020689985 -
58947.0000000000 -36164755.346098 -262920840.937418 2408990.028667 18.064934312654 -4.150802428258 -0.061424194508 1355.577547 0.000023468576 -0.000067344457 0.017858862426 -
58948.0000000000 -34603001.045900 -263272504.838835 2403668.405684 18.086620353657 -3.989572347915 -0.061760582124 1355.525099 0.000026341033 -0.000065091521 0.017698028202 -
58949.0000000000 -33039415.851968 -263610240.196034 2398317.518700 18.107316612788 -3.828382508571 -0.062101613989 1355.473124 0.000028852841 -0.000062908471 0.017538268393 -
58950.0000000000 -31474085.154149 -263934050.507803 2392936.966288 18.127026019706 -3.667233414651 -0.062447293696 1355.421617 0.000020638628 -0.000064898509 0.017379666004 -
58951.0000000000 -29907094.122171 -264243939.326789 2387526.346989 18.145750740285 -3.506125808746 -0.062797618383 1355.370576 0.000029414346 -0.000060256295 0.017221983119 -
58952.0000000000 -28338527.666732 -264539910.239076 2382085.258989 18.163494604719 -3.345059722388 -0.063152599208 1355.319999 0.000023081305 -0.000061608989 0.017065485906 -
58953.0000000000 -26768470.460403 -264821966.867321 2376613.300287 18.180259295154 -3.184035970829 -0.063512229226 1355.269881 0.000023897545 -0.000060128535 0.016909982228 -
58954.0000000000 -25197006.973502 -265090112.879429 2371110.069005 18.196047811330 -3.023054786437 -0.063876512628 1355.220219 0.000021507933 -0.000060002000 0.016755555139 -
58955.0000000000 -23624221.450043 -265344351.974083 2365575.163178 18.210862392075 -2.862116649432 -0.064245447205 1355.171012 0.000021860147 -0.000058742559 0.016602149855 -
58956.0000000000 -22050197.928561 -265584687.883821 2360008.180928 18.224705555148 -2.701221863465 -0.064619033158 1355.122254 0.000025467036 -0.000056025909 0.016449757403 -
58957.0000000000 -20475020.232955 -265811124.365780 2354408.720382 18.237579751260 -2.540370694493 -0.064997270189 1355.073945 0.000021836585 -0.000056512844 0.016298462926 -
58958.0000000000 -18898772.008575 -266023665.212217 2348776.379972 18.249486662868 -2.379563689641 -0.065380151512 1355.026079 0.000022419961 -0.000055146147 0.016148164410 -
58959.0000000000 -17321536.728139 -266222314.248075 2343110.758481 18.260428603728 -2.218801058600 -0.065767675804 1354.978655 0.000016722422 -0.000056734778 0.015998947348 -
58960.0000000000 -15743397.697616 -266407075.329047 2337411.455086 18.270407120033 -2.058083303695 -0.066159835260 1354.931670 0.000021711494 -0.000053330463 0.015850661653 -
58961.0000000000 -14164438.046880 -266577952.331767 2331678.069270 18.279424741962 -1.897410407403 -0.066556630631 1354.885119 0.000021345162 -0.000052423347 0.015703440692 -
58962.0000000000 -12584740.735607 -266734949.151455 2325910.200860 18.287482879187 -1.736782817744 -0.066958053158 1354.839001 0.000021556522 -0.000051244516 0.015557229206 -
58963.0000000000 -11004388.589534 -266878069.713929 2320107.450333 18.294583222524 -1.576200795061 -0.067364096616 1354.793313 0.000017295161 -0.000052340554 0.015412066683 -
58964.0000000000 -9423464.306409 -267007317.974068 2314269.418853 18.300727043887 -1.415664751938 -0.067774751283 1354.748051 0.000020049374 -0.000049919075 0.015267849017 -
58965.0000000000 -7842050.446608 -267122697.906038 2308395.708179 18.305916251373 -1.255174722336 -0.068190013108 1354.703212 0.000019215896 -0.000049317142 0.015124663928 -
58966.0000000000 -6260229.439016 -267224213.501273 2302485.920704 18.310151980708 -1.094731072283 -0.068609871491 1354.658794 0.000015205866 -0.000050449982 0.014982503891 -
58967.0000000000 -4678083.617401 -267311868.782279 2296539.659758 18.313435297971 -0.934334155030 -0.069034315368 1354.614793 0.000019520981 -0.000047146080 0.014841263599 -
58968.0000000000 -3095695.195860 -267385667.784790 2290556.529374 18.315767907286 -0.773983923748 -0.069463339458 1354.571208 0.000015981582 -0.000048092145 0.014701080804 -
58969.0000000000 -1513146.289956 -267445614.564180 2284536.134464 18.317150385514 -0.613680880093 -0.069896928770 1354.528033 0.000016053887 -0.000047100468 0.014561850435 -
58970.0000000000 69481.062078 -267491713.201913 2278478.080982 18.317583945832 -0.453425126400 -0.070335074104 1354.485268 0.000020162664 -0.000043784502 0.014423563928 -
58971.0000000000 1652104.923903 -267523967.787058 2272381.975697 18.317069733731 -0.293216736573 -0.070777765903 1354.442909 0.000017617137 -0.000044250479 0.014286312048 -
58972.0000000000 3234643.424599 -267542382.431765 2266247.426487 18.315608118151 -0.133056171143 -0.071224987928 1354.400953 0.000014352837 -0.000045223582 0.014150038118 -
58973.0000000000 4817014.737402 -267546961.278860 2260074.042518 18.313199752253 0.027056320224 -0.071676726670 1354.359397 0.000016317920 -0.000043127126 0.014014684334 -
58974.0000000000 6399137.104301 -267537708.482826 2253861.434003 18.309845574443 0.187120717128 -0.072132971434 1354.318239 0.000012815644 -0.000044339312 0.013880342454 -
58975.0000000000 7980928.814820 -267514628.217473 2247609.212367 18.305545746685 0.347136592496 -0.072593704806 1354.277475 0.000015289079 -0.000041921144 0.013746905067 -
58976.0000000000 9562308.199956 -267477724.674409 2241316.990281 18.300301067055 0.507103961274 -0.073058915366 1354.237103 0.000013046786 -0.000042429182 0.013614464535 -
58977.0000000000 11143193.626142 -267427002.062080 2234984.381695 18.294111557749 0.667022418585 -0.073528584954 1354.197120 0.000017508340 -0.000038676795 0.013482912701 -
58978.0000000000 12723503.489153 -267362464.604202 2228611.001866 18.286977875847 0.826892015649 -0.074002701468 1354.157524 0.000012449611 -0.000041043315 0.013352393560 -
58979.0000000000 14303156.192776 -267284116.548812 2222196.467529 18.278899549692 0.986712138187 -0.074481242784 1354.118311 0.000014812542 -0.000038617829 0.013222747762 -
58980.0000000000 15882070.142700 -267191962.167119 2215740.396928 18.269877095052 1.146482863904 -0.074964196121 1354.079478 0.000013907871 -0.000038333897 0.013094069092 -
58981.0000000000 17460163.755679 -267086005.742939 2209242.409704 18.259910252194 1.306203823084 -0.075451541894 1354.041023 0.000010076513 -0.000040099290 0.012966350720 -
58982.0000000000 19037355.422923 -266966251.592030 2202702.127207 18.248998689678 1.465874645973 -0.075943260138 1354.002944 0.000014699290 -0.000036071369 0.012839482144 -
58983.0000000000 20613563.534345 -266832704.040764 2196119.172242 18.237142708854 1.625495456465 -0.076439337138 1353.965237 0.000011564777 -0.000037410262 0.012713610450 -
58984.0000000000 22188706.457170 -266685367.435894 2189493.169241 18.224341483168 1.785065658659 -0.076939748990 1353.927900 0.000012017120 -0.000036266783 0.012588625378 -
58985.0000000000 23762702.514442 -266524246.154390 2182823.744429 18.210594816506 1.944585148973 -0.077444478032 1353.890929 0.000010894260 -0.000036263907 0.012464571161 -
58986.0000000000 25335469.993993 -266349344.592555 2176110.525714 18.195902089856 2.104053583193 -0.077953502992 1353.854323 0.000008517356 -0.000037235367 0.012341440840 -
58987.0000000000 26906927.127015 -266160667.176417 2169353.142857 18.180262611148 2.263470617385 -0.078466802258 1353.818079 0.000010689330 -0.000034848064 0.012219174575 -
58988.0000000000 28476992.096864 -265958218.350250 2162551.227355 18.163675965033 2.422836172928 -0.078984357260 1353.782194 0.000012220914 -0.000032880163 0.012097817480 -
58989.0000000000 30045583.032651 -265742002.576056 2155704.412466 18.146141311275 2.582149917974 -0.079506145774 1353.746665 0.000013406964 -0.000031133373 0.011977362639 -
58990.0000000000 31612617.987653 -265512024.344516 2148812.333385 18.127657734626 2.741411520317 -0.080032145251 1353.711490 0.000009108809 -0.000033690672 0.011857856241 -
58991.0000000000 33178014.917844 -265268288.186865 2141874.627412 18.108223897901 2.900620373221 -0.080562329427 1353.676666 0.000010549134 -0.000031788369 0.011739184744 -
58992.0000000000 34741691.690543 -265010798.663236 2134890.933838 18.087839086115 3.059776414427 -0.081096678526 1353.642190 0.000007129902 -0.000033799424 0.011621447682 -
58993.0000000000 36303566.078003 -264739560.362900 2127860.893972 18.066501813592 3.218879031492 -0.081635165663 1353.608061 0.000009998118 -0.000030727784 0.011504530900 -
58994.0000000000 37863555.750773 -264454577.903952 2120784.151158 18.044211211714 3.377928169458 -0.082177770485 1353.574274 0.000008577833 -0.000031158227 0.011388534822 -
58995.0000000000 39421578.271104 -264155855.933666 2113660.350814 18.020965642168 3.536923207765 -0.082724465479 1353.540828 0.000008564985 -0.000030444063 0.011273398852 -
58996.0000000000 40977551.071306 -263843399.140911 2106489.140597 17.996763735358 3.695863803848 -0.083275226253 1353.507721 0.000010229913 -0.000028277023 0.011159115706 -
58997.0000000000 42531391.461997 -263517212.244147 2099270.170283 17.971604043860 3.854749615267 -0.083830028136 1353.474949 0.000008451641 -0.000029077752 0.011045733189 -
58998.0000000000 44083016.610497 -263177300.004488 2092003.091945 17.945484698009 4.013579996860 -0.084388842664 1353.442510 0.000006208922 -0.000030364409 0.010933217389 -
58999.0000000000 45632343.526674 -262823667.232868 2084687.560053 17.918403922674 4.172354440368 -0.084951642796 1353.410401 0.000009115135 -0.000027071542 0.010821506086 -
59000.0000000000 47179289.078365 -262456318.771132 2077323.231275 17.890360205186 4.331072738393 -0.085518404726 1353.378620 0.000006715557 -0.000028545242 0.010710702861 -
59001.0000000000 48723769.969726 -262075259.505828 2069909.764652 17.861351269249 4.489734063384 -0.086089097300 1353.347165 0.000004625431 -0.000029830402 0.010600746082 -
59002.0000000000 50265702.719558 -261680494.382390 2062446.821778 17.831375100513 4.648337879576 -0.086663692562 1353.316033 0.000008393734 -0.000025647706 0.010491572769 -
59003.0000000000 51805003.683747 -261272028.379079 2054934.066522 17.800429942035 4.806883962686 -0.087242165843 1353.285222 0.000007629189 -0.000025670559 0.010383287888 -
59004.0000000000 53341589.033521 -260849866.521357 2047371.165204 17.768513276227 4.965371444246 -0.087824485039 1353.254728 0.000007875680 -0.000024743028 0.010275829171 -
59005.0000000000 54875374.733665 -260414013.896687 2039757.786780 17.735622841836 5.123799757286 -0.088410621290 1353.224550 0.000004131315 -0.000027760141 0.010169246295 -
59006.0000000000 56406276.535563 -259964475.656255 2032093.602864 17.701755960255 5.282167993541 -0.089000541829 1353.194685 0.000004517369 -0.000026785331 0.010063447875 -
59007.0000000000 57934209.977324 -259501257.009112 2024378.287686 17.666910373003 5.440475721620 -0.089594218994 1353.165131 0.000009202276 -0.000021402995 0.009958426618 -
59008.0000000000 59459090.398117 -259024363.201766 2016611.517874 17.631083733528 5.598722505724 -0.090191624853 1353.135885 0.000002783159 -0.000027321438 0.009854347641 -
59009.0000000000 60980832.887602 -258533799.563081 2008792.972957 17.594272612487 5.756906874980 -0.090792720198 1353.106945 0.000006298797 -0.000023085355 0.009750975758 -
59010.0000000000 62499352.292866 -258029571.491253 2000922.335235 17.556474824157 5.915028695216 -0.091397480103 1353.078308 0.000004404486 -0.000024458956 0.009648476086 -
59011.0000000000 64014563.225499 -257511684.441032 1992999.289649 17.517687102772 6.073086791274 -0.092005868364 1353.049973 0.000007611808 -0.000020396948 0.009546727263 -
59012.0000000000 65526380.039575 -256980143.939764 1985023.523965 17.477906753042 6.231080657691 -0.092617855789 1353.021936 0.000003312470 -0.000024439808 0.009445867610 -
59013.0000000000 67034716.817144 -256434955.597397 1976994.728884 17.437130173291 6.389008887562 -0.093233403611 1352.994195 0.000004520839 -0.000022543093 0.009345745700 -
59014.0000000000 68539487.360579 -255876125.108330 1968912.598071 17.395354491114 6.546870932768 -0.093852481995 1352.966749 0.000006299582 -0.000019936769 0.009246412807 -
59015.0000000000 70040605.206040 -255303658.230433 1960776.827945 17.352576416475 6.704665871941 -0.094475057085 1352.939594 0.000003791304 -0.000022177740 0.009147921758 -
59016.0000000000 71537983.587585 -254717560.818256 1952587.118023 17.308792246206 6.862392388278 -0.095101090907 1352.912729 0.000002278559 -0.000023385139 0.009050207639 -
59017.0000000000 73031535.429423 -254117838.825699 1944343.170960 17.263998510973 7.020049498654 -0.095730548881 1352.886150 0.000004427662 -0.000020324838 0.008953234101 -
59018.0000000000 74521173.358876 -253504498.284533 1936044.692330 17.218191807612 7.177636383294 -0.096363397996 1352.859856 0.000002916183 -0.000021560226 0.008857083965 -
59019.0000000000 76006809.684511 -252877545.322901 1927691.390821 17.171368160560 7.335151630990 -0.096999599195 1352.833845 0.000002919041 -0.000021028270 0.008761691783 -
59020.0000000000 77488356.381133 -252236986.176121 1919282.978346 17.123523819353 7.492594171815 -0.097639116841 1352.808114 0.000002143124 -0.000021462638 0.008667081044 -
59021.0000000000 78965725.088606 -251582827.181528 1910819.169996 17.074654781018 7.649962713917 -0.098281913030 1352.782660 0.000005639368 -0.000016553641 0.008573185391 -
59022.0000000000 80438827.110266 -250915074.772760 1902299.683987 17.024757258434 7.807256319664 -0.098927953328 1352.757482 0.000001383380 -0.000021374679 0.008480149609 -
59023.0000000000 81907573.384425 -250233735.508218 1893724.241943 16.973826589047 7.964473038469 -0.099577193279 1352.732578 0.000004147987 -0.000017314113 0.008387786338 -
59024.0000000000 83371874.482650 -249538816.065703 1885092.568845 16.921858945689 8.121612056718 -0.100229599612 1352.707945 0.000001993820 -0.000019583843 0.008296240840 -
59025.0000000000 84831640.608193 -248830323.237576 1876404.392986 16.868849629724 8.278671535941 -0.100885128995 1352.683581 0.000004682410 -0.000015487654 0.008205385496 -
59026.0000000000 86286781.580552 -248108263.942367 1867659.446080 16.814794456365 8.435650393770 -0.101543745455 1352.659483 0.000000465468 -0.000020637945 0.008115367245 -
59027.0000000000 87737206.820475 -247372645.237627 1858857.463394 16.759688380004 8.592546494198 -0.102205402834 1352.635650 0.000003724565 -0.000015701017 0.008025995972 -
59028.0000000000 89182825.347656 -246623474.314608 1849998.183690 16.703527162458 8.749358878075 -0.102870066314 1352.612079 0.000000463346 -0.000019726041 0.007937450372 -
59029.0000000000 90623545.772156 -245860758.502562 1841081.349267 16.646305559512 8.906085309762 -0.103537688851 1352.588769 0.000000233729 -0.000019634732 0.007849601351 -
59030.0000000000 92059276.272428 -245084505.290456 1832106.706169 16.588018824276 9.062724327564 -0.104208230829 1352.565716 0.000005393903 -0.000011721309 0.007762410978 -
59031.0000000000 93489924.618393 -244294722.286036 1823074.003792 16.528662246838 9.219274643345 -0.104881654225 1352.542919 -0.000000012817 -0.000019063316 0.007676092349 -
59032.0000000000 94915398.124063 -243491417.274819 1813982.995443 16.468229983448 9.375733429846 -0.105557906571 1352.520376 0.000000267871 -0.000018251912 0.007590421109 -
59033.0000000000 96335603.638427 -242674598.224873 1804833.438377 16.406717113288 9.532099288344 -0.106236948887 1352.498085 0.000001736816 -0.000015598442 0.007505453227 -
59034.0000000000 97750447.567883 -241844273.245482 1795625.093411 16.344118311857 9.688370348303 -0.106918737763 1352.476043 0.000002244194 -0.000014330714 0.007421214822 -
59035.0000000000 99159835.847799 -241000450.619490 1786357.725221 16.280428000114 9.844544462423 -0.107603227259 1352.454248 -0.000000254898 -0.000017771787 0.007337732207 -
59036.0000000000 100563673.920780 -240143138.827555 1777031.102561 16.215640350253 10.000619198585 -0.108290368882 1352.432699 0.000003198250 -0.000011852458 0.007254872297 -
59037.0000000000 101961866.745491 -239272346.524847 1767644.998047 16.149749987733 10.156592948937 -0.108980121760 1352.411393 -0.000000459121 -0.000017263076 0.007172820731 -
59038.0000000000 103354318.775009 -238388082.565851 1758199.188376 16.082750583464 10.312462707249 -0.109672432265 1352.390328 -0.000000148981 -0.000016387136 0.007091412428 -
59039.0000000000 104740933.940934 -237490356.019555 1748693.454464 16.014636395099 10.468226514037 -0.110367256414 1352.369502 0.000001987675 -0.000012392529 0.007010673061 -
59040.0000000000 106121615.667552 -236579176.136465 1739127.581135 15.945401421529 10.623882126609 -0.111064547668 1352.348913 0.000001770802 -0.000012262362 0.006930661852 -
59041.0000000000 107496266.843814 -235654552.383698 1729501.357439 15.875039271580 10.779426773106 -0.111764254774 1352.328559 -0.000000603635 -0.000015929491 0.006851373743 -
59042.0000000000 108864789.801660 -234716494.471348 1719814.576880 15.803543442577 10.934857600646 -0.112466325865 1352.308438 -0.000000814573 -0.000015955021 0.006772738164 -
59043.0000000000 110227086.317734 -233765012.339229 1710067.037291 15.730907582871 11.090172143995 -0.113170712628 1352.288548 0.000001152695 -0.000012044684 0.006694749205 -
59044.0000000000 111583057.614496 -232800116.143212 1700258.540701 15.657125215652 11.245367866746 -0.113877366159 1352.268887 0.000001258888 -0.000011383729 0.006617466966 -
59045.0000000000 112932604.338175 -231821816.282120 1690388.893578 15.582189478845 11.400441681007 -0.114586232736 1352.249453 -0.000000326607 -0.000013897570 0.006540886494 -
59046.0000000000 114275626.537051 -230830123.425446 1680457.907055 15.506093392928 11.555390408736 -0.115297257957 1352.230244 -0.000001457173 -0.000015698582 0.006464969503 -
59047.0000000000 115612023.656718 -229825048.510725 1670465.396908 15.428829986185 11.710211022815 -0.116010388856 1352.211257 -0.000000111817 -0.000012778067 0.006389677329 -
59048.0000000000 116941694.540365 -228806602.730277 1660411.183425 15.350392285576 11.864900652180 -0.116725573911 1352.192492 -0.000000178282 -0.000012522001 0.006315070947 -
59049.0000000000 118264537.412301 -227774797.549289 1650295.091556 15.270772938052 12.019455851083 -0.117442756664 1352.173946 -0.000001513268 -0.000014851771 0.006241145518 -
59050.0000000000 119580449.856202 -226729644.734979 1640116.951166 15.189964466987 12.173873073270 -0.118161879904 1352.155617 0.000001662216 -0.000007997846 0.006167795439 -
59051.0000000000 120889328.819942 -225671156.333137 1629876.596814 15.107959631144 12.328149416192 -0.118882892096 1352.137504 -0.000001929410 -0.000015050625 0.006095216453 -
59052.0000000000 122191070.588793 -224599344.708853 1619573.868102 15.024750333613 12.482280390635 -0.119605728102 1352.119603 -0.000000894704 -0.000012584515 0.006023202517 -
59053.0000000000 123485570.774032 -223514222.555335 1609208.609736 14.940329069314 12.636262890024 -0.120330334836 1352.101915 0.000000993913 -0.000008099448 0.005951815014 -
59054.0000000000 124772724.322153 -222415802.859944 1598780.671230 14.854687954712 12.790093211305 -0.121056654162 1352.084435 -0.000001595466 -0.000013419056 0.005881150916 -
59055.0000000000 126052425.477818 -221304098.967802 1588289.907435 14.767818626953 12.943766775500 -0.121784620595 1352.067164 -0.000001333012 -0.000012557218 0.005811069888 -
59056.0000000000 127324567.777342 -220179124.580841 1577736.178526 14.679713051784 13.097279901561 -0.122514176446 1352.050098 -0.000000040655 -0.000009238341 0.005741600354 -
59057.0000000000 128589044.051767 -219040893.734774 1567119.349791 14.590362937525 13.250628543573 -0.123245261020 1352.033236 -0.000001133388 -0.000011437976 0.005672805962 -
59058.0000000000 129845746.400171 -217889420.842500 1556439.291988 14.499759632024 13.403808015699 -0.123977808340 1352.016576 -0.000001065151 -0.000010965589 0.005604613665 -
59059.0000000000 131094566.177687 -216724720.704917 1545695.881430 14.407894566283 13.556814021779 -0.124711755861 1352.000116 0.000000146820 -0.000007614574 0.005537018309 -
59060.0000000000 132335393.992799 -215546808.499443 1534888.999873 14.314759025510 13.709642141579 -0.125447040108 1351.983855 -0.000002384235 -0.000013643556 0.005470118655 -
59061.0000000000 133568119.681243 -214355699.825310 1524018.534883 14.220343836681 13.862287030538 -0.126183590014 1351.967791 -0.000001997522 -0.000012464950 0.005403772193 -
59062.0000000000 134792632.298250 -213151410.703948 1513084.379832 14.124640105277 14.014744259449 -0.126921342311 1351.951921 -0.000000405130 -0.000007974635 0.005338008251 -
59063.0000000000 136008820.119430 -211933957.556616 1502086.433695 14.027638678940 14.167009001621 -0.127660230527 1351.936245 -0.000000732628 -0.000008465598 0.005272891947 -
59064.0000000000 137216570.614548 -210703357.251051 1491024.601430 13.929330055872 14.319075747909 -0.128400182666 1351.920759 -0.000002806096 -0.000013943458 0.005208419144 -
59065.0000000000 138415770.426378 -209459627.137728 1479898.794260 13.829704594459 14.470938832268 -0.129141125615 1351.905463 -0.000000548949 -0.000007328470 0.005144445488 -
59066.0000000000 139606305.374874 -208202785.016426 1468708.929392 13.728752889272 14.622593519517 -0.129882994075 1351.890355 -0.000001495315 -0.000009720617 0.005081141181 -
59067.0000000000 140788060.439938 -206932849.161392 1457454.930204 13.626464899929 14.774033561029 -0.130625710424 1351.875433 -0.000001123673 -0.000008319868 0.005018397239 -
59068.0000000000 141960919.739795 -205649838.358699 1446136.726543 13.522830720344 14.925253356879 -0.131369202541 1351.860695 -0.000002280797 -0.000011605483 0.004956279380 -
59069.0000000000 143124766.522195 -204353771.909143 1434754.254733 13.417840106560 15.076246591369 -0.132113392600 1351.846139 -0.000002103611 -0.000010890510 0.004894713039 -
59070.0000000000 144279483.150937 -203044669.642886 1423307.457685 13.311482840456 15.227007325523 -0.132858206011 1351.831764 -0.000000685487 -0.000006021333 0.004833693708 -
59071.0000000000 145424951.099882 -201722551.910677 1411796.284806 13.203748539548 15.377529446965 -0.133603566909 1351.817569 -0.000002006424 -0.000010087913 0.004773323777 -
59072.0000000000 146561050.927968 -200387439.635602 1400220.692411 13.094626407346 15.527805818598 -0.134349391289 1351.803551 -0.000000753967 -0.000005513518 0.004713457369 -
59073.0000000000 147687662.269046 -199039354.317173 1388580.643740 12.984105826078 15.677830233612 -0.135095602838 1351.789708 -0.000002075631 -0.000009851010 0.004654232543 -
59074.0000000000 148804663.818388 -197678318.048158 1376876.109079 12.872175686938 15.827595165061 -0.135842114757 1351.776040 -0.000002117036 -0.000009844156 0.004595538803 -
59075.0000000000 149911933.315064 -196304353.543807 1365107.065982 12.758824964282 15.977093729733 -0.136588845605 1351.762544 -0.000000996100 -0.000005359662 0.004537371869 -
59076.0000000000 151009347.538111 -194917484.122699 1353273.499103 12.644042460557 16.126318843985 -0.137335712480 1351.749218 -0.000002229925 -0.000009849001 0.004479835678 -
59077.0000000000 152096782.282246 -193517733.761808 1341375.400620 12.527816587879 16.275262349873 -0.138082624059 1351.736062 -0.000001166287 -0.000005341701 0.004422783144 -
59078.0000000000 153174112.346645 -192105127.102807 1329412.770275 12.410135889092 16.423917017821 -0.138829496606 1351.723073 -0.000002319369 -0.000009856489 0.004366354247 -
59079.0000000000 154241211.520883 -190679689.471487 1317385.615513 12.290988450754 16.572274240406 -0.139576235584 1351.710250 -0.000002337776 -0.000009861532 0.004310437734 -
59080.0000000000 155297952.567183 -189241446.909938 1305293.951716 12.170362404844 16.720326042968 -0.140322751669 1351.697591 -0.000002352788 -0.000009859051 0.004255065930 -
59081.0000000000 156344207.211919 -187790426.171945 1293137.802163 12.048245641189 16.868063924705 -0.141068951532 1351.685095 -0.000001412742 -0.000005289738 0.004200199423 -
59082.0000000000 157379846.130398 -186326654.743700 1280917.198167 11.924625939586 17.015479431518 -0.141814742382 1351.672760 -0.000001510662 -0.000005381198 0.004145907469 -
59083.0000000000 158404738.929182 -184850160.878115 1268632.179341 11.799490780593 17.162563268206 -0.142560024974 1351.660584 -0.000002513050 -0.000010257042 0.004092187172 -
59084.0000000000 159418754.126066 -183360973.642647 1256282.793953 11.672827480548 17.309305873668 -0.143304698171 1351.648566 -0.000002579661 -0.000010690161 0.004038962587 -
59085.0000000000 160421759.140563 -181859122.916744 1243869.098888 11.544623299800 17.455698011709 -0.144048663573 1351.636705 -0.000001044871 -0.000002000931 0.003986194056 -
59086.0000000000 161413620.285787 -180344639.376639 1231391.159520 11.414865366770 17.601730473294 -0.144791823141 1351.624998 -0.000002878633 -0.000012363503 0.003934097889 -
59087.0000000000 162394202.741457 -178817554.584035 1218849.050386 11.283540316899 17.747391969165 -0.145534062793 1351.613445 -0.000000823716 0.000000297500 0.003882342708 -
59088.0000000000 163363370.545037 -177277900.972172 1206242.855061 11.150635073560 17.892673612902 -0.146275287353 1351.602043 -0.000002666669 -0.000011098894 0.003831291256 -
59089.0000000000 164320986.575039 -175725711.884751 1193572.666447 11.016135885693 18.037563214085 -0.147015376135 1351.590791 -0.000002327198 -0.000009047286 0.003780648600 -
59090.0000000000 165266912.531024 -174161021.628160 1180838.587157 10.880029213683 18.182050677463 -0.147754224924 1351.579688 -0.000001510579 -0.000002973341 0.003730484887 -
59091.0000000000 166201008.930342 -172583865.420393 1168040.729113 10.742301231107 18.326124994853 -0.148491722589 1351.568733 -0.000002133840 -0.000007379029 0.003680908523 -
59092.0000000000 167123135.082749 -170994279.484310 1155179.214239 10.602937810720 18.469773912290 -0.149227748571 1351.557923 -0.000001670995 -0.000003370924 0.003631770312 -
59093.0000000000 168033149.076665 -169392301.063412 1142254.174579 10.461924808129 18.612986056292 -0.149962189300 1351.547257 -0.000002468595 -0.000010241383 0.003583215217 -
59094.0000000000 168930907.764232 -167777968.451604 1129265.752497 10.319247750012 18.755748484025 -0.150694919323 1351.536734 -0.000002295366 -0.000009025260 0.003535094101 -
59095.0000000000 169816266.745518 -166151321.023518 1116214.100903 10.174892126595 18.898049119939 -0.151425820047 1351.526352 -0.000001869972 -0.000004662162 0.003487441771 -
59096.0000000000 170689080.357224 -164512399.225992 1103099.383166 10.028843202951 19.039875218376 -0.152154767913 1351.516110 -0.000002101066 -0.000007092342 0.003440330733 -
59097.0000000000 171549201.652700 -162861244.650195 1089921.773651 9.881086006847 19.181213034369 -0.152881631921 1351.506007 -0.000002074345 -0.000006902465 0.003393685631 -
59098.0000000000 172396482.386483 -161197900.064929 1076681.457958 9.731605445433 19.322049051104 -0.153606283016 1351.496040 -0.000001895738 -0.000004314525 0.003347504936 -
59099.0000000000 173230773.001067 -159522409.423964 1063378.632961 9.580386240254 19.462369353937 -0.154328589297 1351.486209 -0.000001933095 -0.000004499220 0.003301824577 -
59100.0000000000 174051922.610159 -157834817.914518 1050013.507154 9.427412910875 19.602159303725 -0.155048413554 1351.476512 -0.000002108927 -0.000007790860 0.003256643562 -
59101.0000000000 174859778.982479 -156135172.006953 1036586.301023 9.272669803873 19.741403835434 -0.155765615551 1351.466948 -0.000001950967 -0.000004702947 0.003211886806 -
59102.0000000000 175654188.527933 -154423519.464913 1023097.247094 9.116141118747 19.880088075138 -0.156480056692 1351.457516 -0.000001983993 -0.000005381879 0.003167627736 -
59103.0000000000 176434996.282183 -152699909.383517 1009546.590211 8.957810844969 20.018196073742 -0.157191590446 1351.448213 -0.000001978460 -0.000005313318 0.003123828882 -
59104.0000000000 177202045.890628 -150964392.242254 995934.587919 8.797662811195 20.155711732808 -0.157900069360 1351.439039 -0.000001967266 -0.000004874192 0.003080489798 -
59105.0000000000 177955179.593830 -149217019.931899 982261.510647 8.635680669646 20.292618480112 -0.158605342609 1351.429992 -0.000001964410 -0.000004485864 0.003037610353 -
59106.0000000000 178694238.212382 -147457845.796091 968527.642004 8.471847898652 20.428899254755 -0.159307255896 1351.421071 -0.000001966352 -0.000004594709 0.002995190583 -
59107.0000000000 179419061.131995 -145686924.674153 954733.279085 8.306147805311 20.564536493192 -0.160005651350 1351.412275 -0.000001950636 -0.000005672385 0.002953230694 -
59108.0000000000 180129486.288830 -143904312.945141 940878.732783 8.138563528456 20.699512114926 -0.160700367435 1351.403602 -0.000001874378 -0.000008216078 0.002911731061 -
59109.0000000000 180825350.155102 -142110068.573133 926964.328109 7.969078041932 20.833807507846 -0.161391238843 1351.395051 -0.000001969556 -0.000002780417 0.002870618115 -
59110.0000000000 181506487.724159 -140304251.126282 912990.404319 7.797674139229 20.967404150534 -0.162078101132 1351.386621 -0.000001719463 -0.000009861900 0.002830041137 -
59111.0000000000 182172732.497066 -138486921.852259 898957.315458 7.624334483777 21.100281684260 -0.162760776384 1351.378309 -0.000002078541 -0.000000106957 0.002789778746 -
59112.0000000000 182823916.467428 -136658143.699927 884865.430507 7.449041517639 21.232421086039 -0.163439096807 1351.370116 -0.000001638693 -0.000009086011 0.002750091664 -
59113.0000000000 183459870.108910 -134817981.383865 870715.133838 7.271777615505 21.363800503324 -0.164112873812 1351.362040 -0.000001646934 -0.000007467745 0.002710759131 -
59114.0000000000 184080422.362226 -132966501.450220 856506.825693 7.092524918282 21.494399388695 -0.164781928694 1351.354079 -0.000001698812 -0.000005877255 0.002671856790 -
59115.0000000000 184685400.619653 -131103772.274964 842240.922147 6.911265442254 21.624195930086 -0.165446073576 1351.346232 -0.000002138269 -0.000000047304 0.002633350021 -
59116.0000000000 185274630.712364 -129229864.132684 827917.855605 6.727981035132 21.753167987383 -0.166105118358 1351.338499 -0.000001664398 -0.000005794391 0.002595352038 -
59117.0000000000 185847936.900587 -127344849.281093 813538.075403 6.542653485484 21.881291792404 -0.166758861151 1351.330877 -0.000001813526 -0.000003799212 0.002557717383 -
59118.0000000000 186405141.860859 -125448802.005345 799102.048121 6.355264346016 22.008544179024 -0.167407104702 1351.323365 -0.000001677680 -0.000004900302 0.002520522628 -
59119.0000000000 186946066.672609 -123541798.650040 784610.257798 6.165795094846 22.134900638249 -0.168049642090 1351.315963 -0.000001634630 -0.000004944928 0.002483734092 -
59120.0000000000 187470530.808398 -121623917.694572 770063.206468 5.974227058728 22.260336259562 -0.168686263653 1351.308669 -0.000001611275 -0.000004815967 0.002447355113 -
59121.0000000000 187978352.122333 -119695239.802491 755461.414504 5.780541447736 22.384825391402 -0.169316754504 1351.301481 -0.000001484406 -0.000005450972 0.002411389385 -
59122.0000000000 188469346.840395 -117755847.886453 740805.421078 5.584719364766 22.508341619677 -0.169940894383 1351.294400 -0.000001821069 -0.000002787304 0.002375804173 -
59123.0000000000 188943329.549559 -115805827.161081 726095.784528 5.386741768179 22.630858069057 -0.170558459865 1351.287422 -0.000001013852 -0.000007921283 0.002340677113 -
59124.0000000000 189400113.191628 -113845265.225501 711333.082942 5.186589618109 22.752346414876 -0.171169217170 1351.280548 -0.000001928153 -0.000001756387 0.002305866221 -
59125.0000000000 189839509.051360 -111874252.105997 696517.914450 4.984243598303 22.872778794345 -0.171772936081 1351.273777 -0.000001274590 -0.000005552104 0.002271522862 -
59126.0000000000 190261326.749947 -109892880.328425 681650.897738 4.779684517969 22.992125206487 -0.172369371045 1351.267106 -0.000001243404 -0.000005360405 0.002237542634 -
59127.0000000000 190665374.241101 -107901245.006568 666732.672665 4.572892970391 23.110355743095 -0.172958277399 1351.260534 -0.000001761567 -0.000002363163 0.002203931167 -
59128.0000000000 191051457.799061 -105899443.876806 651763.900501 4.363849487183 23.227439600705 -0.173539404190 1351.254062 -0.000001649768 -0.000002866776 0.002170730964 -
59129.0000000000 191419382.016751 -103887577.390525 636745.264578 4.152534619201 23.343344731828 -0.174112491675 1351.247687 -0.000001569612 -0.000003136035 0.002137911921 -
59130.0000000000 191768949.802826 -101865748.794793 621677.470852 3.938928829729 23.458038465461 -0.174677275822 1351.241408 -0.000001235011 -0.000004508912 0.002105480610 -
59131.0000000000 192099962.377217 -99834064.201193 606561.248384 3.723012566665 23.571487160686 -0.175233485812 1351.235225 -0.000001444900 -0.000003365844 0.002073407967 -
59132.0000000000 192412219.267335 -97792632.656898 591397.349835 3.504766205478 23.683656501184 -0.175780846174 1351.229136 -0.000000725892 -0.000006186551 0.002041737487 -
59133.0000000000 192705518.308644 -95741566.231907 576186.552073 3.284170207613 23.794510826519 -0.176319071983 1351.223140 -0.000002335372 0.000000549587 0.002010369262 -
59134.0000000000 192979655.639628 -93680980.080945 560929.656601 3.061204831944 23.904014387594 -0.176847877880 1351.217236 -0.000000974287 -0.000004778189 0.001979455107 -
59135.0000000000 193234425.708546 -91610992.549215 545627.490296 2.835850696659 24.012129075757 -0.177366961817 1351.211422 0.000000182446 -0.000008754615 0.001948895830 -
59136.0000000000 193469621.281749 -89531725.280536 530280.906168 2.608088253185 24.118816638748 -0.177876020939 1351.205699 -0.000001280718 -0.000003068647 0.001918629324 -
59137.0000000000 193685033.432082 -87443303.244914 514890.783535 2.377897851400 24.224038329546 -0.178374749055 1351.200064 -0.000002290838 0.000000488624 0.001888736849 -
59138.0000000000 193880451.546022 -85345854.837910 499458.028716 2.145260108179 24.327753595730 -0.178862827302 1351.194517 -0.000000692544 -0.000004866618 0.001859263493 -
59139.0000000000 194055663.345014 -83239512.023897 483983.576034 1.910155867429 24.429920373958 -0.179339926286 1351.189057 -0.000001801247 -0.000001083303 0.001830077971 -
59140.0000000000 194210454.885296 -81124410.399131 468468.388245 1.672565742233 24.530496651874 -0.179805717189 1351.183683 -0.000000526920 -0.000004995456 0.001801296865 -
59141.0000000000 194344610.567600 -79000689.284850 452913.457181 1.432470801114 24.629438210871 -0.180259855748 1351.178393 -0.000000861344 -0.000003743762 0.001772826031 -
59142.0000000000 194457913.152358 -76868491.837038 437319.804512 1.189852009475 24.726700497825 -0.180701995548 1351.173186 -0.000000592972 -0.000004347859 0.001744712294 -
59143.0000000000 194550143.768929 -74727965.131415 421688.482323 0.944690649639 24.822237326570 -0.181131778835 1351.168062 -0.000002392573 0.000000883755 0.001716898464 -
59144.0000000000 194621081.930556 -72579260.265096 406020.573821 0.696968033357 24.916001790832 -0.181548842982 1351.163020 -0.000000253559 -0.000005002529 0.001689501142 -
59145.0000000000 194670505.561990 -70422532.488096 390317.194240 0.446666082729 25.007944660152 -0.181952809197 1351.158058 -0.000000305203 -0.000004613651 0.001662394792 -
59146.0000000000 194698191.019882 -68257941.310493 374579.491578 0.193766581757 25.098016547704 -0.182343297819 1351.153176 -0.000001898126 -0.000000337805 0.001635593549 -
59147.0000000000 194703913.100820 -66085650.571820 358808.647065 -0.061748361220 25.186166616565 -0.182719919206 1351.148373 -0.000000280676 -0.000004361912 0.001609180033 -
59148.0000000000 194687445.081987 -63905828.594683 343005.876225 -0.319896020655 25.272341924005 -0.183082269165 1351.143647 -0.000000119539 -0.000004539963 0.001583066107 -
59149.0000000000 194648558.749857 -61718648.300747 327172.429666 -0.580693623793 25.356488948083 -0.183429939688 1351.138998 -0.000000495261 -0.000003452981 0.001557267103 -
59150.0000000000 194587024.421152 -59524287.302744 311309.593705 -0.844157959566 25.438552616291 -0.183762512144 1351.134425 -0.000000297122 -0.000003753208 0.001531798715 -
59151.0000000000 194502610.982774 -57322928.039925 295418.691299 -1.110305330687 25.518476271157 -0.184079557069 1351.129926 -0.000002573060 0.000001453239 0.001506610076 -
59152.0000000000 194395085.923930 -55114757.889927 279501.082796 -1.379151782039 25.596202250690 -0.184380638235 1351.125501 0.000000369547 -0.000004982369 0.001481817756 -
59153.0000000000 194264215.389774 -52899969.323278 263558.167000 -1.650712374396 25.671670320809 -0.184665301754 1351.121150 -0.000000951161 -0.000001972994 0.001457272155 -
59154.0000000000 194109764.220763 -50678760.021306 247591.381964 -1.925002241129 25.744820090217 -0.184933092912 1351.116870 -0.000000893577 -0.000002016487 0.001433057453 -
59155.0000000000 193931495.990034 -48451332.983804 231602.205716 -2.202035577580 25.815588832548 -0.185183541034 1351.112661 0.000002184135 -0.000008057979 0.001409191090 -
59156.0000000000 193729173.075361 -46217896.705698 215592.157463 -2.481825851062 25.883912067056 -0.185416163567 1351.108523 0.000000432649 -0.000004285358 0.001385560861 -
59157.0000000000 193502556.697892 -43978665.278099 199562.798264 -2.764386359750 25.949724728049 -0.185630474187 1351.104454 -0.000002444399 0.000001334384 0.001362219350 -
59158.0000000000 193251406.970839 -41733858.505837 183515.731825 -3.049729443610 26.012959614367 -0.185825972087 1351.100453 0.000000262094 -0.000003730167 0.001339250119 -
59159.0000000000 192975482.992828 -39483702.105849 167452.605834 -3.337866239421 26.073547067843 -0.186002139814 1351.096520 0.000000537883 -0.000004051150 0.001316543956 -
59160.0000000000 192674542.913557 -37228427.843498 151375.112886 -3.628807566894 26.131416731958 -0.186158455426 1351.092654 0.000000055072 -0.000003026716 0.001294121657 -
59161.0000000000 192348343.990434 -34968273.646168 135284.991224 -3.922563251321 26.186496319065 -0.186294384013 1351.088853 -0.000001913977 0.000000471008 0.001271972836 -
59162.0000000000 191996642.670462 -32703483.758843 119184.025793 -4.219142216401 26.238711871442 -0.186409379529 1351.085117 -0.000000683690 -0.000001610292 0.001250149944 -
59163.0000000000 191619194.685816 -30434308.914962 103074.049374 -4.518552074604 26.287987146476 -0.186502880615 1351.081446 0.000000601416 -0.000003629111 0.001228611530 -
59164.0000000000 191215755.148347 -28161006.497178 86956.943656 -4.820799561473 26.334244465370 -0.186574316457 1351.077838 -0.000001469392 -0.000000176594 0.001207318071 -
59165.0000000000 190786078.627590 -25883840.663222 70834.640068 -5.125890483263 26.377404672107 -0.186623106521 1351.074292 0.000000950721 -0.000003931272 0.001186353369 -
59166.0000000000 190329919.265262 -23603082.524602 54709.120960 -5.433828924589 26.417385951600 -0.186648652538 1351.070808 -0.000001071530 -0.000000691217 0.001165618015 -
59167.0000000000 189847030.880900 -21319010.303129 38582.420638 -5.744618245786 26.454105524642 -0.186650350092 1351.067385 0.000000607184 -0.000003150448 0.001145195714 -
59168.0000000000 189337167.085003 -19031909.489514 22456.626406 -6.058259911942 26.487477905151 -0.186627576807 1351.064022 -0.000003220907 0.000002518854 0.001124990026 -
59169.0000000000 188800081.398380 -16742073.004909 6333.879620 -6.374754520134 26.517416574898 -0.186579703763 1351.060718 0.000002066750 -0.000005056102 0.001105143019 -
59170.0000000000 188235527.396659 -14449801.388191 -9783.623077 -6.694100189697 26.543831712712 -0.186506080161 1351.057472 -0.000001991357 0.000000763365 0.001085471923 -
59171.0000000000 187643258.836806 -12155402.949486 -25893.628766 -7.016294588475 26.566633246912 -0.186406054027 1351.054284 0.000002729826 -0.000005631385 0.001066147047 -
59172.0000000000 187023029.801198 -9859193.936859 -41993.827166 -7.341332500151 26.585727498125 -0.186278949580 1351.051153 0.000000448455 -0.000002382868 0.001047018464 -
59173.0000000000 186374594.857298 -7561498.717493 -58081.849466 -7.669207895746 26.601020201051 -0.186124087675 1351.048079 0.000000311717 -0.000002111486 0.001028168650 -
59174.0000000000 185697709.201053 -5262649.924076 -74155.267388 -7.999912238879 26.612414288249 -0.185940770922 1351.045059 -0.000001013329 -0.000000358860 0.001009565077 -
59175.0000000000 184992128.843545 -2962988.650111 -90211.591928 -8.333435179384 26.619810973678 -0.185728291055 1351.042094 0.000002996809 -0.000005253338 0.000991259511 -
59176.0000000000 184257610.799585 -662864.633452 -106248.272188 -8.669763814539 26.623108942025 -0.185485923561 1351.039183 -0.000004577382 0.000004039011 0.000973110358 -
59177.0000000000 183493913.248318 1637363.605052 -122262.694506 -9.008884075768 26.622206198312 -0.185212940103 1351.036325 -0.000000184090 -0.000001276278 0.000955307173 -
59178.0000000000 182700795.750766 3937328.565730 -138252.181212 -9.350778024037 26.616996894945 -0.184908587427 1351.033520 0.000006246395 -0.000008544174 0.000937762734 -
59179.0000000000 181878019.496920 6236653.551916 -154213.989250 -9.695425870277 26.607373987161 -0.184572105167 1351.030765 -0.000003152821 0.000002305029 0.000920341715 -
59180.0000000000 181025347.449019 8534952.587341 -170145.309697 -10.042806358136 26.593229715924 -0.184202729069 1351.028063 0.000003316267 -0.000004846899 0.000903281020 -
59181.0000000000 180142544.610795 10831830.199719 -186043.266410 -10.392893465425 26.574452027640 -0.183799667356 1351.025410 -0.000002855755 0.000001935325 0.000886366874 -
59182.0000000000 179229378.278625 13126881.238449 -201904.914899 -10.745660121200 26.550928944181 -0.183362129766 1351.022807 0.000003585766 -0.000004835762 0.000869778202 -
59183.0000000000 178285618.286585 15419690.717914 -217727.241384 -11.101074630233 26.522544785604 -0.182889302689 1351.020252 -0.000003119601 0.000002180222 0.000853332617 -
59184.0000000000 177311037.271127 17709833.650313 -233507.161791 -11.459103793972 26.489183704961 -0.182380372563 1351.017746 0.000002935188 -0.000003906126 0.000837204285 -
59185.0000000000 176305410.949965 19996874.882842 -249241.520782 -11.819709460848 26.450726254461 -0.181834503409 1351.015287 -0.000000909511 -0.000000010186 0.000821239494 -
59186.0000000000 175268518.422278 22280368.926356 -264927.090742 -12.182851482531 26.407052622058 -0.181250858189 1351.012876 -0.000003637278 0.000002556113 0.000805510059 -
59187.0000000000 174200142.440871 24559859.830860 -280560.571081 -12.548485406819 26.358040478999 -0.180628584808 1351.010510 0.000006472769 -0.000006841928 0.000790082430 -
59188.0000000000 173100069.792740 26834880.972243 -296138.586972 -12.916562275193 26.303565077650 -0.179966816954 1351.008189 -0.000006440159 0.000005053709 0.000774738470 -
59189.0000000000 171968091.563909 29104954.967177 -311657.688929 -13.287031504608 26.243502120749 -0.179264692835 1351.005914 0.000000732052 -0.000001458689 0.000759733219 -
59190.0000000000 170804003.505031 31369593.513428 -327114.351917 -13.659835672843 26.177723165574 -0.178521325527 1351.003683 0.000003781871 -0.000003975427 0.000744919035 -
59191.0000000000 169607606.443554 33628297.206626 -342504.974320 -14.034914655405 26.106099674733 -0.177735829391 1351.001495 -0.000002416930 0.000001361775 0.000730269226 -
59192.0000000000 168378706.577284 35880555.484573 -357825.877752 -14.412204234248 26.028501918122 -0.176907313073 1350.999351 0.000001918152 -0.000002218284 0.000715889164 -
59193.0000000000 167117115.904370 38125846.471348 -373073.306230 -14.791634331057 25.944797751161 -0.176034871862 1350.997248 0.000003489143 -0.000003344309 0.000701703501 -
59194.0000000000 165822652.645839 40363636.851030 -388243.425559 -15.173130946407 25.854854522459 -0.175117600128 1350.995187 0.000000896442 -0.000001189442 0.000687704953 -
59195.0000000000 164495141.624950 42593381.799818 -403332.323102 -15.556615220372 25.758538517966 -0.174154587917 1350.993168 -0.000003135368 0.000001884374 0.000673906483 -
59196.0000000000 163134414.706311 44814524.890927 -418336.007397 -15.942002988602 25.655714886739 -0.173144920702 1350.991189 0.000002814421 -0.000002540276 0.000660358912 -
59197.0000000000 161740311.286035 47026497.985660 -433250.407705 -16.329204044657 25.546247395235 -0.172087678076 1350.989249 0.000003824121 -0.000003117940 0.000646988231 -
59198.0000000000 160312678.748878 49228721.175111 -448071.373898 -16.718123642284 25.429999845226 -0.170981942944 1350.987349 -0.000007147809 0.000004605918 0.000633764839 -
59199.0000000000 158851372.890131 51420602.771293 -462794.676677 -17.108661808977 25.306835799867 -0.169826799991 1350.985488 0.000007603436 -0.000005521994 0.000620849916 -
59200.0000000000 157356258.498668 53601539.209640 -477416.007261 -17.500710302204 25.176616806411 -0.168621324865 1350.983664 -0.000004324658 0.000002555241 0.000608016389 -
59201.0000000000 155827209.830368 55770915.055004 -491930.977739 -17.894158190801 25.039206569215 -0.167364610514 1350.981878 0.000003407136 -0.000002481198 0.000595456958 -
59202.0000000000 154264111.120969 57928103.010792 -506335.121476 -18.288885360950 24.894466849408 -0.166055741927 1350.980130 0.000004363436 -0.000002921188 0.000583059497 -
59203.0000000000 152666857.186051 60072463.896086 -520623.893341 -18.684766993546 24.742260824367 -0.164693817334 1350.978417 -0.000001457573 0.000000712335 0.000570825672 -
59204.0000000000 151035353.908114 62203346.727857 -534792.670609 -19.081671700471 24.582452160867 -0.163277942739 1350.976741 -0.000004883390 0.000002653460 0.000558788866 -
59205.0000000000 149369518.836811 64320088.759665 -548836.753633 -19.479460769118 24.414904934847 -0.161807231803 1350.975100 0.000003162544 -0.000001998148 0.000546976329 -
59206.0000000000 147669281.828625 66422015.531018 -562751.366607 -19.877988005080 24.239483958339 -0.160280808276 1350.973493 0.000002402333 -0.000001455649 0.000535314553 -
59207.0000000000 145934585.619023 68508440.989403 -576531.658807 -20.277101452507 24.056056135045 -0.158697814584 1350.971921 0.000000466335 -0.000000350148 0.000523829833 -
59208.0000000000 144165386.403861 70578667.638716 -590172.706026 -20.676641460111 23.864489715532 -0.157057407705 1350.970383 -0.000005121935 0.000002511819 0.000512513218 -
59209.0000000000 142361654.482467 72631986.685522 -603669.512033 -21.076441187261 23.664654992211 -0.155358763806 1350.968878 0.000002359093 -0.000001311692 0.000501412524 -
59210.0000000000 140523374.937546 74667678.203415 -617017.010179 -21.476325246085 23.456424023121 -0.153601077106 1350.967405 -0.000000711890 0.000000238018 0.000490454529 -
59211.0000000000 138650548.267408 76685011.357535 -630210.065403 -21.876112162979 23.239672300760 -0.151783570231 1350.965965 0.000000966294 -0.000000544270 0.000479682724 -
59212.0000000000 136743191.023969 78683244.662777 -643243.476480 -22.275611783926 23.014277863230 -0.149905489483 1350.964556 0.000002110936 -0.000001006552 0.000469079591 -
59213.0000000000 134801336.509905 80661626.249192 -656111.978361 -22.674626499995 22.780122349404 -0.147966111581 1350.963178 0.000006714332 -0.000002881120 0.000458653109 -
59214.0000000000 132825035.451736 82619394.178573 -668810.244855 -23.072950579369 22.537091128686 -0.145964744996 1350.961831 -0.000002816118 0.000001210433 0.000448359811 -
59215.0000000000 130814356.644604 84555776.810279 -681332.891646 -23.470371490806 22.285074310880 -0.143900736305 1350.960515 -0.000003463909 0.000001374070 0.000438254028 -
59216.0000000000 128769387.653703 86469993.182134 -693674.479453 -23.866667269035 22.023966085242 -0.141773467109 1350.959227 0.000006591112 -0.000002483329 0.000428333459 -
59217.0000000000 126690235.571686 88361253.409732 -705829.517351 -24.261607853981 21.753665807400 -0.139582360933 1350.957969 -0.000004019953 0.000001528756 0.000418531175 -
59218.0000000000 124577027.626243 90228759.186356 -717792.466719 -24.654957219973 21.474079241295 -0.137326890730 1350.956740 0.000006947572 -0.000002347928 0.000408931311 -
59219.0000000000 122429911.897739 92071704.281321 -729557.745242 -25.046468699355 21.185117280671 -0.135006572673 1350.955539 -0.000004872082 0.000001726696 0.000399446980 -
59220.0000000000 120249057.997077 93889275.092162 -741119.731267 -25.435890579629 20.886698473622 -0.132620980632 1350.954366 0.000001398497 -0.000000369911 0.000390151536 -
59221.0000000000 118034657.733560 95680651.245371 -752472.768506 -25.822960738325 20.578747621963 -0.130169739529 1350.953220 0.000000693156 -0.000000109879 0.000380998186 -
59222.0000000000 115786925.827305 97445006.221997 -763611.170929 -26.207410977109 20.261197756819 -0.127652536688 1350.952101 -0.000000608155 0.000000274600 0.000371997170 -
59223.0000000000 113506100.514885 99181508.062025 -774529.228167 -26.588965159456 19.933989986602 -0.125069121897 1350.951009 0.000003169610 -0.000000735932 0.000363154103 -
59224.0000000000 111192444.225603 100889320.087666 -785221.211074 -26.967339438310 19.597074086373 -0.122419311448 1350.949942 -0.000005960882 0.000001620394 0.000354444691 -
59225.0000000000 108846244.173149 102567601.693219 -795681.377727 -27.342243987437 19.250409449017 -0.119702993806 1350.948901 0.000009725383 -0.000002198036 0.000345911665 -
59226.0000000000 106467813.015380 104215509.160389 -805903.979632 -27.713379693433 18.893964723235 -0.116920129089 1350.947885 -0.000004316560 0.000001137161 0.000337492654 -
59227.0000000000 104057489.389401 105832196.545120 -815883.268369 -28.080444350446 18.527719830366 -0.114070759527 1350.946893 -0.000000697903 0.000000270871 0.000329237289 -
59228.0000000000 101615638.446261 107416816.607226 -825613.502541 -28.443126474569 18.151664937775 -0.111155006012 1350.945927 -0.000001740610 0.000000449472 0.000321120631 -
59229.0000000000 99142652.444095 108968521.765231 -835088.954929 -28.801110136801 17.765802068771 -0.108173076512 1350.944984 0.000003863839 -0.000000557680 0.000313149949 -
59230.0000000000 96638951.207400 110486465.123492 -844303.920087 -29.154073228977 17.370145165055 -0.105125267587 1350.944064 0.000003017577 -0.000000313736 0.000305314587 -
59231.0000000000 94104982.573929 111969801.537828 -853252.722190 -29.501689484417 16.964720915358 -0.102011968999 1350.943167 -0.000000707927 0.000000289519 0.000297617165 -
59232.0000000000 91541222.778621 113417688.730072 -861929.723202 -29.843627915142 16.549569058536 -0.098833666208 1350.942293 0.000001673711 -0.000000033661 0.000290059732 -
59233.0000000000 88948176.853154 114829288.436191 -870329.331282 -30.179553012750 16.124742856890 -0.095590943595 1350.941441 -0.000005901486 0.000000845503 0.000282635745 -
59234.0000000000 86326378.922084 116203767.604932 -878446.009483 -30.509126941663 15.690309791942 -0.092284488023 1350.940611 0.000008663560 -0.000000707988 0.000275349520 -
59235.0000000000 83676392.509855 117540299.630170 -886274.284704 -30.832007093829 15.246351648067 -0.088915090948 1350.939802 -0.000003112130 0.000000482161 0.000268193178 -
59236.0000000000 80998810.701537 118838065.629542 -893808.756871 -31.147851920138 14.792965499574 -0.085483651769 1350.939014 0.000002191451 0.000000038410 0.000261169253 -
59237.0000000000 78294256.274432 120096255.756201 -901044.108338 -31.456315773034 14.330263489717 -0.081991179474 1350.938247 -0.000000511727 0.000000235355 0.000254275890 -
59238.0000000000 75563381.830310 121314070.534703 -907975.113452 -31.757054048974 13.858373609571 -0.078438794943 1350.937500 -0.000005824467 0.000000396836 0.000247513141 -
59239.0000000000 72806869.755136 122490722.235897 -914596.648299 -32.049722039169 13.377439821414 -0.074827732528 1350.936773 0.000004575085 0.000000026173 0.000240871686 -
59240.0000000000 70025432.227949 123625436.269210 -920903.700589 -32.333974940427 12.887622337240 -0.071159342014 1350.936066 -0.000002598620 0.000000187808 0.000234363473 -
59241.0000000000 67219811.048998 124717452.600726 -926891.379619 -32.609472027865 12.389097936746 -0.067435088253 1350.935378 0.000010192126 0.000000244671 0.000227968152 -
59242.0000000000 64390777.444228 125766027.187451 -932554.926333 -32.875873029124 11.882060023355 -0.063656553821 1350.934707 -0.000003988977 0.000000165601 0.000221714058 -
59243.0000000000 61539131.752707 126770433.420386 -937889.723368 -33.132844459173 11.366718771517 -0.059825436080 1350.934056 -0.000000326748 0.000000187914 0.000215570073 -
59244.0000000000 58665703.052537 127729963.576806 -942891.305128 -33.380054708965 10.843301191840 -0.055943550711 1350.933423 0.000000873983 0.000000246078 0.000209548091 -
59245.0000000000 55771348.776759 128643930.273886 -947555.367859 -33.617179187520 10.312051096894 -0.052012828234 1350.932808 -0.000000816822 0.000000146084 0.000203648462 -
59246.0000000000 52856954.119101 129511667.917019 -951877.779556 -33.843900043985 9.773229011761 -0.048035313537 1350.932210 0.000001710714 0.000000336496 0.000197862241 -
59247.0000000000 49923431.429139 130332534.139572 -955854.589799 -34.059906689544 9.227112065053 -0.044013164767 1350.931628 0.000002774822 0.000000491279 0.000192194027 -
59248.0000000000 46971719.505914 131105911.226260 -959482.039411 -34.264897625443 8.673993718455 -0.039948650246 1350.931064 -0.000002654884 -0.000000071267 0.000186650546 -
59249.0000000000 44002782.770694 131831207.511189 -962756.569852 -34.458581411402 8.114183450320 -0.035844145615 1350.930516 0.000002413069 0.000000517350 0.000181206568 -
59250.0000000000 41017610.415310 132507858.753395 -965674.832449 -34.640676261582 7.548006551219 -0.031702132622 1350.929984 0.000001357897 0.000000430098 0.000175884251 -
59251.0000000000 38017215.432154 133135329.474260 -968233.697272 -34.810913187119 6.975803445676 -0.027525192326 1350.929467 -0.000007489169 -0.000000984151 0.000170688005 -
59252.0000000000 35002633.507567 133713114.246540 -970430.261578 -34.969036014664 6.397929250556 -0.023316001941 1350.928965 0.000004696402 0.000000970149 0.000165565079 -
59253.0000000000 31974921.957562 134240738.953560 -972261.858080 -35.114800386743 5.814753526005 -0.019077333693 1350.928479 -0.000003477720 -0.000000482097 0.000160588376 -
59254.0000000000 28935158.472938 134717761.977258 -973726.062576 -35.247979172760 5.226658877947 -0.014812041485 1350.928007 0.000000297306 0.000000197431 0.000155696969 -
59255.0000000000 25884439.796072 135143775.328088 -974820.701136 -35.368358638330 4.634041009823 -0.010523063670 1350.927550 0.000007154863 0.000001752355 0.000150904099 -
59256.0000000000 22823880.413102 135518405.723597 -975543.856923 -35.475741918674 4.037307483440 -0.006213412067 1350.927106 -0.000005293275 -0.000001047280 0.000146259750 -
59257.0000000000 19754611.024505 135841315.564855 -975893.876152 -35.569950673970 3.436876593940 -0.001886162923 1350.926676 0.000002589578 0.000000812601 0.000141673683 -
59258.0000000000 16677777.083735 136112203.863268 -975869.373744 -35.650821857592 2.833177347097 0.002455541215 1350.926260 -0.000002107193 -0.000000395597 0.000137220244 -
59259.0000000000 13594537.245850 136330807.077284 -975469.238280 -35.718213030549 2.226647396859 0.006808509489 1350.925857 0.000002675348 0.000000917327 0.000132844583 -
59260.0000000000 10506061.712116 136496899.851584 -974692.636193 -35.771999454105 1.617732851386 0.011169502278 1350.925467 0.000003522989 0.000001255654 0.000128578713 -
59261.0000000000 7413530.578950 136610295.675496 -973539.015394 -35.812076895985 1.006886598155 0.015535244858 1350.925089 -0.000003228728 -0.000000813864 0.000124433857 -
59262.0000000000 4318132.072582 136670847.425616 -972008.108006 -35.838361468903 0.394567299323 0.019902434433 1350.924724 -0.000002715997 -0.000000748254 0.000120367116 -
59263.0000000000 1221060.825312 136678447.830821 -970099.932567 -35.850788828531 -0.218761398944 0.024267745240 1350.924370 -0.000000884835 -0.000000189091 0.000116392623 -
59264.0000000000 -1876483.884094 136633029.834041 -967814.795482 -35.849315805308 -0.832632464423 0.028627840920 1350.924028 -0.000001312206 -0.000000382228 0.000112520208 -
59265.0000000000 -4973299.963315 136534566.833120 -965153.291570 -35.833920468952 -1.446576678739 0.032979383077 1350.923698 0.000003298992 0.000001357121 0.000108724927 -
59266.0000000000 -8068184.317711 136383072.827041 -962116.303950 -35.804601562251 -2.060123626749 0.037319037938 1350.923378 -0.000001626433 -0.000000536678 0.000105054214 -
59267.0000000000 -11159934.699338 136178602.442616 -958705.003062 -35.761379941316 -2.672803473133 0.041643489874 1350.923070 0.000005076796 0.000002229394 0.000101434548 -
59268.0000000000 -14247351.517387 135921250.868662 -954920.845045 -35.704296242607 -3.284147325714 0.045949442502 1350.922771 -0.000002696034 -0.000001018656 0.000097956906 -
59269.0000000000 -17329239.672605 135611153.668357 -950765.569247 -35.633413771044 -3.893689691284 0.050233637933 1350.922484 0.000001966670 0.000001011757 0.000094522833 -
59270.0000000000 -20404410.360381 135248486.493044 -946241.195048 -35.548814886714 -4.500968299336 0.054492853242 1350.922206 -0.000002154979 -0.000000877360 0.000091209740 -
59271.0000000000 -23471682.837403 134833464.694863 -941350.017990 -35.450603775385 -5.105526619546 0.058723920074 1350.921938 0.000000355848 0.000000276651 0.000087957163 -
59272.0000000000 -26529886.189867 134366342.824302 -936094.605091 -35.338903714179 -5.706914006648 0.062923723949 1350.921680 0.000001606113 0.000000920129 0.000084794019 -
59273.0000000000 -29577861.027578 133847414.043023 -930477.789604 -35.213858091221 -6.304687516018 0.067089217779 1350.921431 -0.000004380541 -0.000002181992 0.000081745752 -
59274.0000000000 -32614461.193124 133277009.411504 -924502.664879 -35.075629735266 -6.898412984519 0.071217429119 1350.921190 0.000005933036 0.000003275815 0.000078708829 -
59275.0000000000 -35638555.333709 132655497.127390 -918172.577959 -34.924398407965 -7.487665089969 0.075305458994 1350.920958 -0.000005182099 -0.000002775390 0.000075848260 -
59276.0000000000 -38649028.504206 131983281.628582 -911491.122203 -34.760364034727 -8.072030421682 0.079350505728 1350.920735 -0.000000613127 -0.000000311477 0.000072997134 -
59277.0000000000 -41644783.670530 131260802.633739 -904462.129523 -34.583741167754 -8.651105857977 0.083349849926 1350.920520 0.000004113218 0.000002495265 0.000070221973 -
59278.0000000000 -44624743.084373 130488534.136970 -897089.662378 -34.394761545937 -9.224501248356 0.087300875122 1350.920313 0.000003739011 0.000002410164 0.000067547757 -
59279.0000000000 -47587849.703049 129666983.265184 -889378.004772 -34.193672580281 -9.791839909982 0.091201070336 1350.920115 -0.000005504386 -0.000003350079 0.000064995322 -
59280.0000000000 -50533068.500749 128796689.083149 -881331.652938 -33.980736355841 -10.352759341261 0.095048034506 1350.919923 0.000003529907 0.000002379091 0.000062424350 -
59281.0000000000 -53459387.610553 127878221.393865 -872955.306105 -33.756226713254 -10.906910616069 0.098839470334 1350.919739 0.000000982360 0.000000786280 0.000059985952 -
59282.0000000000 -56365819.455797 126912179.439975 -864253.856574 -33.520431921836 -11.453961280348 0.102573206529 1350.919563 -0.000003324895 -0.000002177578 0.000057630370 -
59283.0000000000 -59251401.844089 125899190.525980 -855232.379239 -33.273651142949 -11.993594288488 0.106247188017 1350.919393 0.000002261709 0.000001695159 0.000055290669 -
59284.0000000000 -62115198.859476 124839908.673458 -845896.121492 -33.016193295243 -12.525508302813 0.109859477340 1350.919231 -0.000000379837 -0.000000165364 0.000053066238 -
59285.0000000000 -64956301.743305 123735013.190069 -836250.492507 -32.748377928937 -13.049419389968 0.113408267245 1350.919075 0.000001688389 0.000001386669 0.000050882673 -
59286.0000000000 -67773829.682221 122585207.212671 -826301.052406 -32.470532202669 -13.565059923799 0.116891870978 1350.918925 -0.000003900751 -0.000002898612 0.000048812163 -
59287.0000000000 -70566930.490634 121391216.237647 -816053.501405 -32.182991465027 -14.072179978961 0.120308732541 1350.918781 -0.000003024870 -0.000002363050 0.000046768828 -
59288.0000000000 -73334781.200520 120153786.639816 -805513.668929 -31.886096528823 -14.570546201669 0.123657416939 1350.918643 0.000003047562 0.000002490942 0.000044755750 -
59289.0000000000 -76076588.531876 118873684.206155 -794687.502918 -31.580193635040 -15.059942596585 0.126936615746 1350.918511 -0.000003964677 -0.000003304456 0.000042889458 -
59290.0000000000 -78791589.365196 117551692.595379 -783581.058598 -31.265634536548 -15.540171456642 0.130145153747 1350.918385 0.000007161791 0.000006153883 0.000040965056 -
59291.0000000000 -81479051.038256 116188611.872928 -772200.487904 -30.942772348271 -16.011050688162 0.133281967325 1350.918261 -0.000005147594 -0.000004476104 0.000039258439 -
59292.0000000000 -84138271.623351 114785256.997637 -760552.028571 -30.611965244965 -16.472417604792 0.136346133723 1350.918144 0.000001278989 0.000001151435 0.000037483673 -
59293.0000000000 -86768580.092701 113342456.350460 -748641.993592 -30.273570175778 -16.924124160588 0.139336833227 1350.918034 0.000000192171 0.000000183840 0.000035818320 -
59294.0000000000 -89369336.362646 111861050.315835 -736476.761133 -29.927946344165 -17.366040499351 0.142253376562 1350.917929 0.000004260935 0.000004092917 0.000034171683 -
59295.0000000000 -91939931.343453 110341889.817000 -724062.764109 -29.575451858411 -17.798052471430 0.145095185135 1350.917827 -0.000004139300 -0.000003967945 0.000032673249 -
59296.0000000000 -94479786.892603 108785834.894855 -711406.480142 -29.216444847317 -18.220063110031 0.147861802226 1350.917729 -0.000001834429 -0.000001844347 0.000031149867 -
59297.0000000000 -96988355.669798 107193753.347144 -698514.421998 -28.851280069778 -18.631989759127 0.150552870447 1350.917638 0.000003476897 0.000003545580 0.000029654287 -
59298.0000000000 -99465120.898898 105566519.429387 -685393.128527 -28.480310151160 -19.033765516751 0.153168142771 1350.917549 0.000001926154 0.000002073075 0.000028263427 -
59299.0000000000 -101909596.159270 103905012.504094 -672049.155222 -28.103885027940 -19.425338989900 0.155707480432 1350.917466 -0.000005458452 -0.000005844540 0.000026972466 -
59300.0000000000 -104321325.094992 102210115.750485 -658489.065247 -27.722350601592 -19.806673139337 0.158170843882 1350.917383 0.000000672788 0.000000687779 0.000025619652 -
59301.0000000000 -106699880.989207 100482715.002623 -644719.421475 -27.336046963433 -20.177743463217 0.160558278763 1350.917308 -0.000000721455 -0.000000881644 0.000024377177 -
59302.0000000000 -109044866.349329 98723697.568830 -630746.778382 -26.945310420810 -20.538540247303 0.162869933168 1350.917236 0.000006534809 0.000007551058 0.000023105132 -
59303.0000000000 -111355912.454856 96933951.089869 -616577.674233 -26.550470605571 -20.889065418056 0.165106033468 1350.917162 -0.000003096381 -0.000003612629 0.000022028589 -
59304.0000000000 -113632678.875433 95114362.425530 -602218.623501 -26.151852676487 -21.229335032516 0.167266903381 1350.917096 -0.000003049755 -0.000003725438 0.000020912057 -
59305.0000000000 -115874852.921928 93265816.624851 -587676.109910 -25.749773566374 -21.559374853185 0.169352930189 1350.917033 0.000005073271 0.000006294331 0.000019761926 -
59306.0000000000 -118082148.996969 91389196.025331 -572956.580468 -25.344543407535 -21.879221787761 0.171364575855 1350.916971 -0.000004451013 -0.000005669343 0.000018821283 -
59307.0000000000 -120254308.059350 89485379.228960 -558066.438543 -24.936466741685 -22.188925301145 0.173302387812 1350.916911 0.000004924487 0.000006428729 0.000017739077 -
59308.0000000000 -122391096.956075 87555240.258502 -543012.038312 -24.525838246197 -22.488541831732 0.175166956632 1350.916854 -0.000003927415 -0.000005229823 0.000016877081 -
59309.0000000000 -124492307.762533 85599647.720843 -527799.679248 -24.112947195661 -22.778140211697 0.176958957313 1350.916801 0.000002458217 0.000003365058 0.000015900666 -
59310.0000000000 -126557757.111243 83619464.014946 -512435.600934 -23.698072735360 -23.057795214806 0.178679100499 1350.916753 -0.000003232410 -0.000004554616 0.000015086991 -
59311.0000000000 -128587285.476809 81615544.620093 -496925.978474 -23.281487594191 -23.327592150252 0.180328167434 1350.916705 0.000001987693 0.000002813560 0.000014194729 -
59312.0000000000 -130580756.476324 79588737.399526 -481276.918002 -22.863454728629 -23.587621912935 0.181906972709 1350.916662 0.000001283087 0.000001894197 0.000013400798 -
59313.0000000000 -132538056.130268 77539881.988828 -465494.452820 -22.444229764365 -23.837983971649 0.183416387015 1350.916623 -0.000001519950 -0.000002289569 0.000012666086 -
59314.0000000000 -134459092.168646 75469809.157651 -449584.539316 -22.024059601177 -24.078783998286 0.184857319438 1350.916584 0.000000025229 0.000000017641 0.000011916250 -
59315.0000000000 -136343793.267718 73379340.309763 -433553.053908 -21.603182201445 -24.310133036986 0.186230711424 1350.916549 0.000002351558 0.000003748820 0.000011188496 -
59316.0000000000 -138192108.304595 71269287.000222 -417405.790099 -21.181827214543 -24.532147938828 0.187537540268 1350.916514 -0.000000473617 -0.000000709478 0.000010553806 -
59317.0000000000 -140004005.645770 69140450.442695 -401148.455439 -20.760216137925 -24.744951155106 0.188778817745 1350.916483 -0.000003728655 -0.000006232177 0.000009957640 -
59318.0000000000 -141779472.414646 66993621.092752 -384786.669040 -20.338561669390 -24.948669185929 0.189955578694 1350.916447 0.000000197289 0.000000239395 0.000009301539 -
59319.0000000000 -143518513.725521 64829578.334581 -368325.959848 -19.917067578057 -25.143431737441 0.191068874952 1350.916420 0.000004030068 0.000007042465 0.000008671920 -
59320.0000000000 -145221151.956420 62649090.155044 -351771.764795 -19.495929732321 -25.329372857848 0.192119784078 1350.916385 -0.000002010613 -0.000003598537 0.000008200182 -
59321.0000000000 -146887426.077339 60452912.770201 -335129.426585 -19.075336354401 -25.506630901611 0.193109409250 1350.916358 0.000002301674 0.000004293447 0.000007617281 -
59322.0000000000 -148517390.911389 58241790.419532 -318404.192712 -18.655466212072 -25.675344683469 0.194038850837 1350.916331 -0.000000591521 -0.000001034842 0.000007158764 -
59323.0000000000 -150111116.427661 56016455.155977 -301601.214417 -18.236491161087 -25.835657421328 0.194909235990 1350.916310 -0.000002902780 -0.000005634974 0.000006719821 -
59324.0000000000 -151668687.079920 53777626.607895 -284725.545435 -17.818574663236 -25.987713443164 0.195721694331 1350.916283 0.000002373996 0.000004742593 0.000006194021 -
59325.0000000000 -153190201.089958 51526011.899292 -267782.141885 -17.401871987172 -26.131657816653 0.196477355460 1350.916259 -0.000001297503 -0.000002649036 0.000005823354 -
59326.0000000000 -154675769.811650 49262305.470555 -250775.861407 -16.986531875246 -26.267639022675 0.197177368980 1350.916240 -0.000000615958 -0.000001330699 0.000005410648 -
59327.0000000000 -156125517.091926 46987188.960873 -233711.462742 -16.572694805195 -26.395804853496 0.197822874293 1350.916223 0.000001959701 0.000004249459 0.000004988197 -
59328.0000000000 -157539578.607874 44701331.195186 -216593.606066 -16.160494175709 -26.516304095320 0.198415013292 1350.916203 0.000000000000 0.000000000000 0.000000000000 2007DC
